brand,name,price_pln,cpu,gpu,ram,storage,psu,url,image_url
Hard-PC.pl,"Zestaw | Ryzen 7 5700X, RX 9060 XT 16GB, 16GB DDR4, 500GB SSD, 650W, Exo ARGB",5029.0,Ryzen 7 5700X,RX 9060 XT 16GB,16GB DDR4,500GB SSD,650W,"https://sklep.hard-pc.pl/p20264,zestaw-ryzen-7-5700x-rx-9060-xt-16gb-16gb-ddr4-500gb-ssd-650w-exo-argb.html",https://sklep.hard-pc.pl/galerie/73/8/obudowa-krux-exo-argb-black_73874_k.jpg
Hard-PC.pl,"Zestaw | Ryzen 5 9500F, RTX 5060 8GB, 16GB DDR5, 500GB SSD, 650W, Hunter 2",5049.0,Ryzen 5 9500F,RTX 5060 8GB,16GB DDR5,500GB SSD,650W,"https://sklep.hard-pc.pl/p22785,zestaw-ryzen-5-9500f-rtx-5060-8gb-16gb-ddr5-500gb-ssd-650w-hunter-2.html",https://sklep.hard-pc.pl/galerie/81/7/zestaw-ryzen-5-7500f-rx-9060_81708_k.jpg
Hard-PC.pl,"Zestaw | Ryzen 7 5800X, RTX 5050 8GB, 32GB DDR4, 1TB SSD, 600W, Signum 300 ARGB",5059.0,Ryzen 7 5800X,RTX 5050 8GB,32GB DDR4,1TB SSD,600W,"https://sklep.hard-pc.pl/p25259,zestaw-ryzen-7-5800x-rtx-5050-8gb-32gb-ddr4-1tb-ssd-600w-signum-300-argb.html",https://sklep.hard-pc.pl/galerie/50/8/obudowa-endorfy-signum-300-ar_50864_k.jpg
Hard-PC.pl,"Zestaw | Ryzen 5 5600, RTX 5060 8GB, 32GB DDR4, 1TB SSD, 600W, Solid 300",5069.0,Ryzen 5 5600,RTX 5060 8GB,32GB DDR4,1TB SSD,600W,"https://sklep.hard-pc.pl/p20759,zestaw-ryzen-5-5600-rtx-5060-8gb-32gb-ddr4-1tb-ssd-600w-solid-300.html",https://sklep.hard-pc.pl/galerie/31/5/obudowa-silentiumpc-signum-sg_31505_k.jpg
Hard-PC.pl,"Zestaw | Ryzen 5 5600, RX 9060 XT 8GB, 32GB DDR4, 1TB SSD, 650W, Signum 300 ARGB",5079.0,Ryzen 5 5600,RX 9060 XT 8GB,32GB DDR4,1TB SSD,650W,"https://sklep.hard-pc.pl/p22797,zestaw-ryzen-5-5600-rx-9060-xt-8gb-32gb-ddr4-1tb-ssd-650w-signum-300-argb.html",https://sklep.hard-pc.pl/galerie/50/8/obudowa-endorfy-signum-300-ar_50864_k.jpg
Hard-PC.pl,"Zestaw | Ryzen 5 7500F, RTX 5050 8GB, 16GB DDR5, 1TB SSD, 650W, Hunter 2",5099.0,Ryzen 5 7500F,RTX 5050 8GB,16GB DDR5,1TB SSD,650W,"https://sklep.hard-pc.pl/p25239,zestaw-ryzen-5-7500f-rtx-5050-8gb-16gb-ddr5-1tb-ssd-650w-hunter-2.html",https://sklep.hard-pc.pl/galerie/81/7/zestaw-ryzen-5-7500f-rx-9060_81708_k.jpg
Hard-PC.pl,"Zestaw | Ryzen 5 7500F, RTX 5060 8GB, 16GB DDR5, 500GB SSD, 650W, Atron",5099.0,Ryzen 5 7500F,RTX 5060 8GB,16GB DDR5,500GB SSD,650W,"https://sklep.hard-pc.pl/p25206,zestaw-ryzen-5-7500f-rtx-5060-8gb-16gb-ddr5-500gb-ssd-650w-atron.html",https://sklep.hard-pc.pl/galerie/87/0/zestaw-ryzen-5-7500f-rtx-5060_87076_k.jpg
Hard-PC.pl,"Zestaw | Ryzen 7 5700X, RTX 5060 8GB, 32GB DDR4, 1TB SSD, 600W, Signum 300 ARGB",5129.0,Ryzen 7 5700X,RTX 5060 8GB,32GB DDR4,1TB SSD,600W,"https://sklep.hard-pc.pl/p20457,zestaw-ryzen-7-5700x-rtx-5060-8gb-32gb-ddr4-1tb-ssd-600w-signum-300-argb.html",https://sklep.hard-pc.pl/galerie/50/8/obudowa-endorfy-signum-300-ar_50864_k.jpg
Hard-PC.pl,"Zestaw | Ryzen 7 5700X, RTX 5060 Ti 8GB, 16GB DDR4, 1TB SSD, 700W, Night Hunter",5129.0,Ryzen 7 5700X,RTX 5060 Ti 8GB,16GB DDR4,1TB SSD,700W,"https://sklep.hard-pc.pl/p25417,zestaw-ryzen-7-5700x-rtx-5060-ti-8gb-16gb-ddr4-1tb-ssd-700w-night-hunter.html",https://sklep.hard-pc.pl/galerie/76/7/zestaw-ryzen-7-7700-rx-9070-1_76729_k.jpg
Hard-PC.pl,"Zestaw | Ryzen 5 5600, RX 9060 XT 16GB, 16GB DDR4, 500GB SSD, 650W, Exo ARGB",5139.0,Ryzen 5 5600,RX 9060 XT 16GB,16GB DDR4,500GB SSD,650W,"https://sklep.hard-pc.pl/p20263,zestaw-ryzen-5-5600-rx-9060-xt-16gb-16gb-ddr4-500gb-ssd-650w-exo-argb.html",https://sklep.hard-pc.pl/galerie/73/8/obudowa-krux-exo-argb-black_73874_k.jpg
Hard-PC.pl,"Zestaw | Ryzen 5 8400F, RTX 5060 8GB, 16GB DDR5, 500GB SSD, 750W, Signum M30",5149.0,Ryzen 5 8400F,RTX 5060 8GB,16GB DDR5,500GB SSD,750W,"https://sklep.hard-pc.pl/p26012,zestaw-ryzen-5-8400f-rtx-5060-8gb-16gb-ddr5-500gb-ssd-750w-signum-m30.html",https://sklep.hard-pc.pl/galerie/82/0/obudowa-endorfy-signum-m30-ar_82018_k.jpg
Hard-PC.pl,"Zestaw | Ryzen 7 5700X, RX 9060 XT 16GB, 16GB DDR4, 500GB SSD, 650W, ARX 700 ARGB",5149.0,Ryzen 7 5700X,RX 9060 XT 16GB,16GB DDR4,500GB SSD,650W,"https://sklep.hard-pc.pl/p22538,zestaw-ryzen-7-5700x-rx-9060-xt-16gb-16gb-ddr4-500gb-ssd-650w-arx-700-argb.html",https://sklep.hard-pc.pl/galerie/55/6/obudowa-endorfy-arx-700-argb_55620_k.jpg
Hard-PC.pl,"Zestaw | Ryzen 7 5800X, RX 7600 8GB, 32GB DDR4, 1TB SSD, 600W, Signum 300 ARGB",5159.0,Ryzen 7 5800X,RX 7600 8GB,32GB DDR4,1TB SSD,600W,"https://sklep.hard-pc.pl/p25260,zestaw-ryzen-7-5800x-rx-7600-8gb-32gb-ddr4-1tb-ssd-600w-signum-300-argb.html",https://sklep.hard-pc.pl/galerie/50/8/obudowa-endorfy-signum-300-ar_50864_k.jpg
Hard-PC.pl,"Zestaw | Ryzen 7 5700X, RTX 5060 8GB, 32GB DDR4, 1TB SSD, 600W, Signum 300 ARGB",5179.0,Ryzen 7 5700X,RTX 5060 8GB,32GB DDR4,1TB SSD,600W,"https://sklep.hard-pc.pl/p20886,zestaw-ryzen-7-5700x-rtx-5060-8gb-32gb-ddr4-1tb-ssd-600w-signum-300-argb.html",https://sklep.hard-pc.pl/galerie/50/8/obudowa-endorfy-signum-300-ar_50864_k.jpg
Hard-PC.pl,"Zestaw | Ryzen 5 5600, RTX 5060 8GB, 32GB DDR4, 1TB SSD, 600W, KRUX EXO",5189.0,Ryzen 5 5600,RTX 5060 8GB,32GB DDR4,1TB SSD,600W,"https://sklep.hard-pc.pl/p20988,zestaw-ryzen-5-5600-rtx-5060-8gb-32gb-ddr4-1tb-ssd-600w-krux-exo.html",https://sklep.hard-pc.pl/galerie/73/8/obudowa-krux-exo-argb-black_73874_k.jpg
Hard-PC.pl,"Zestaw | Ryzen 5 7500X3D, RTX 5060 8GB, 16GB DDR5, 500GB SSD, 650W, Signum 300 ARGB",5199.0,Ryzen 5 7500X3D,RTX 5060 8GB,16GB DDR5,500GB SSD,650W,"https://sklep.hard-pc.pl/p22747,zestaw-ryzen-5-7500x3d-rtx-5060-8gb-16gb-ddr5-500gb-ssd-650w-signum-300-argb.html",https://sklep.hard-pc.pl/galerie/50/8/obudowa-endorfy-signum-300-ar_50864_k.jpg
Hard-PC.pl,"Zestaw | Intel Ultra 5 245KF, RTX 5060 8GB, 16GB DDR5, 512GB SSD, 650W, Hunter 2 ARGB",5219.0,Intel Ultra 5 245KF,RTX 5060 8GB,16GB DDR5,512GB SSD,650W,"https://sklep.hard-pc.pl/p22822,zestaw-intel-ultra-5-245kf-rtx-5060-8gb-16gb-ddr5-512gb-ssd-650w-hunter-2-argb.html",https://sklep.hard-pc.pl/galerie/81/7/zestaw-ryzen-5-7500f-rx-9060_81708_k.jpg
Hard-PC.pl,"Zestaw | Ryzen 5 7500F, RTX 5060 8GB, 16GB DDR5, 500GB SSD, 850W, Pano PZ130R",5229.0,Ryzen 5 7500F,RTX 5060 8GB,16GB DDR5,500GB SSD,850W,"https://sklep.hard-pc.pl/p25253,zestaw-ryzen-5-7500f-rtx-5060-8gb-16gb-ddr5-500gb-ssd-850w-pano-pz130r.html",https://sklep.hard-pc.pl/galerie/81/6/zestaw-ryzen-9-9950x3d-rx-790_81681_k.jpg
Hard-PC.pl,"Zestaw | Ryzen 7 5700X, RX 9060 XT 8GB, 32GB DDR4, 1TB SSD, 650W, Signum 300 ARGB",5229.0,Ryzen 7 5700X,RX 9060 XT 8GB,32GB DDR4,1TB SSD,650W,"https://sklep.hard-pc.pl/p22798,zestaw-ryzen-7-5700x-rx-9060-xt-8gb-32gb-ddr4-1tb-ssd-650w-signum-300-argb.html",https://sklep.hard-pc.pl/galerie/50/8/obudowa-endorfy-signum-300-ar_50864_k.jpg
Hard-PC.pl,"Zestaw | Intel I5-13400F, RX 9060 XT 16GB, 16GB DDR4, 500GB SSD, 650W, Signum 300 ARGB",5269.0,Intel I5-13400F,RX 9060 XT 16GB,16GB DDR4,500GB SSD,650W,"https://sklep.hard-pc.pl/p20269,zestaw-intel-i5-13400f-rx-9060-xt-16gb-16gb-ddr4-500gb-ssd-650w-signum-300-argb.html",https://sklep.hard-pc.pl/galerie/50/8/obudowa-endorfy-signum-300-ar_50864_k.jpg
Hard-PC.pl,"Zestaw | Ryzen 5 5600, RTX 5060 Ti 8GB, 32GB DDR4, 1TB SSD, 650W, Signum 300 ARGB",5279.0,Ryzen 5 5600,RTX 5060 Ti 8GB,32GB DDR4,1TB SSD,650W,"https://sklep.hard-pc.pl/p19688,zestaw-ryzen-5-5600-rtx-5060-ti-8gb-32gb-ddr4-1tb-ssd-650w-signum-300-argb.html",https://sklep.hard-pc.pl/galerie/50/8/obudowa-endorfy-signum-300-ar_50864_k.jpg
Hard-PC.pl,"Zestaw | Ryzen 5 7500F, RTX 5060 TI 8GB, 16GB DDR5, 500GB SSD, 650W, Hunter 2",5279.0,Ryzen 5 7500F,RTX 5060 TI 8GB,16GB DDR5,500GB SSD,650W,"https://sklep.hard-pc.pl/p22790,zestaw-ryzen-5-7500f-rtx-5060-ti-8gb-16gb-ddr5-500gb-ssd-650w-hunter-2.html",https://sklep.hard-pc.pl/galerie/81/7/zestaw-ryzen-5-7500f-rx-9060_81708_k.jpg
Hard-PC.pl,"Zestaw Redragon | Ryzen 5 5600, RTX 5060 8GB, 32GB DDR4, 1TB SSD, 850W, GC 623 ARGB",5299.0,Ryzen 5 5600,RTX 5060 8GB,32GB DDR4,1TB SSD,850W,"https://sklep.hard-pc.pl/p25988,zestaw-redragon-ryzen-5-5600-rtx-5060-8gb-32gb-ddr4-1tb-ssd-850w-gc-623-argb.html",https://sklep.hard-pc.pl/galerie/78/0/obudowa-redragon-gc-623-pro-e_78076_k.jpg
Hard-PC.pl,"Zestaw | Ryzen 5 7500F, RTX 5060 8GB, 16GB DDR5, 1TB SSD, 650W, Stellar 5F ARGB",5299.0,Ryzen 5 7500F,RTX 5060 8GB,16GB DDR5,1TB SSD,650W,"https://sklep.hard-pc.pl/p25981,zestaw-ryzen-5-7500f-rtx-5060-8gb-16gb-ddr5-1tb-ssd-650w-stellar-5f-argb.html",https://sklep.hard-pc.pl/galerie/80/3/obudowa-modecom-volcano-stell_80349_k.jpg
Hard-PC.pl,"Zestaw | Ryzen 7 5700X, RTX 5060 8GB, 32GB DDR4, 1TB SSD, 600W, Ch160",5299.0,Ryzen 7 5700X,RTX 5060 8GB,32GB DDR4,1TB SSD,600W,"https://sklep.hard-pc.pl/p26107,zestaw-ryzen-7-5700x-rtx-5060-8gb-32gb-ddr4-1tb-ssd-600w-ch160.html",https://sklep.hard-pc.pl/galerie/85/0/zestaw-intel-ultra-5-250k-plu_85051_k.jpg
Hard-PC.pl,"Zestaw | Ryzen 7 5800X, RTX 5060 8GB, 32GB DDR4, 1TB SSD, 600W, Signum 300 ARGB",5299.0,Ryzen 7 5800X,RTX 5060 8GB,32GB DDR4,1TB SSD,600W,"https://sklep.hard-pc.pl/p25258,zestaw-ryzen-7-5800x-rtx-5060-8gb-32gb-ddr4-1tb-ssd-600w-signum-300-argb.html",https://sklep.hard-pc.pl/galerie/50/8/obudowa-endorfy-signum-300-ar_50864_k.jpg
Hard-PC.pl,"Zestaw | Ryzen 5 7500F, RTX 5060 TI 8GB, 16GB DDR5, 500GB SSD, 650W, Pano 130 ARGB",5329.0,Ryzen 5 7500F,RTX 5060 TI 8GB,16GB DDR5,500GB SSD,650W,"https://sklep.hard-pc.pl/p25410,zestaw-ryzen-5-7500f-rtx-5060-ti-8gb-16gb-ddr5-500gb-ssd-650w-pano-130-argb.html",https://sklep.hard-pc.pl/galerie/81/6/zestaw-ryzen-9-9950x3d-rx-790_81681_k.jpg
Hard-PC.pl,"Zestaw | Ryzen 5 8400F, RTX 5050 8GB, 32GB DDR5, 500GB SSD, 600W, Signum 300 ARGB",5339.0,Ryzen 5 8400F,RTX 5050 8GB,32GB DDR5,500GB SSD,600W,"https://sklep.hard-pc.pl/p21153,zestaw-ryzen-5-8400f-rtx-5050-8gb-32gb-ddr5-500gb-ssd-600w-signum-300-argb.html",https://sklep.hard-pc.pl/galerie/50/8/obudowa-endorfy-signum-300-ar_50864_k.jpg
Hard-PC.pl,"Zestaw Redragon | Ryzen 5 5600, RTX 5060 8GB, 32GB DDR4, 1TB SSD, 850W, GC 625 ARGB",5349.0,Ryzen 5 5600,RTX 5060 8GB,32GB DDR4,1TB SSD,850W,"https://sklep.hard-pc.pl/p25996,zestaw-redragon-ryzen-5-5600-rtx-5060-8gb-32gb-ddr4-1tb-ssd-850w-gc-625-argb.html",https://sklep.hard-pc.pl/galerie/78/0/obudowa-redragon-gc-625-pro-v_78077_k.jpg
Hard-PC.pl,"Zestaw | Ryzen 7 5800X, RX 9060 XT 16GB, 16GB DDR4, 500GB SSD, 600W, Signum 300 ARGB",5379.0,Ryzen 7 5800X,RX 9060 XT 16GB,16GB DDR4,500GB SSD,600W,"https://sklep.hard-pc.pl/p25272,zestaw-ryzen-7-5800x-rx-9060-xt-16gb-16gb-ddr4-500gb-ssd-600w-signum-300-argb.html",https://sklep.hard-pc.pl/galerie/50/8/obudowa-endorfy-signum-300-ar_50864_k.jpg
Hard-PC.pl,"Zestaw | Ryzen 5 5600, RTX 5060 8GB, 32GB DDR4, 1TB SSD, 650W, A70 ARGB",5399.0,Ryzen 5 5600,RTX 5060 8GB,32GB DDR4,1TB SSD,650W,"https://sklep.hard-pc.pl/p26213,zestaw-ryzen-5-5600-rtx-5060-8gb-32gb-ddr4-1tb-ssd-650w-a70-argb.html",https://sklep.hard-pc.pl/galerie/84/9/obudowa-thermalright-a70-argb_84909_k.jpg
Hard-PC.pl,"Zestaw | Ryzen 5600, RTX 5060 Ti 8GB, 32GB DDR4, 1TB SSD, 650W, Signum 300 ARGB",5429.0,Ryzen 5600,RTX 5060 Ti 8GB,32GB DDR4,1TB SSD,650W,"https://sklep.hard-pc.pl/p25500,zestaw-ryzen-5600-rtx-5060-ti-8gb-32gb-ddr4-1tb-ssd-650w-signum-300-argb.html",https://sklep.hard-pc.pl/galerie/50/8/obudowa-endorfy-signum-300-ar_50864_k.jpg
Hard-PC.pl,"Zestaw | Ryzen 5 7500F, RTX 5050 8GB, 32GB DDR5, 500GB SSD, 600W, Signum 300 ARGB",5449.0,Ryzen 5 7500F,RTX 5050 8GB,32GB DDR5,500GB SSD,600W,"https://sklep.hard-pc.pl/p21154,zestaw-ryzen-5-7500f-rtx-5050-8gb-32gb-ddr5-500gb-ssd-600w-signum-300-argb.html",https://sklep.hard-pc.pl/galerie/50/8/obudowa-endorfy-signum-300-ar_50864_k.jpg
Hard-PC.pl,"Zestaw | Ryzen 5 7500F, RX 9060 XT 16GB, 16GB DDR5, 500GB SSD, 650W, Hunter 2",5449.0,Ryzen 5 7500F,RX 9060 XT 16GB,16GB DDR5,500GB SSD,650W,"https://sklep.hard-pc.pl/p22732,zestaw-ryzen-5-7500f-rx-9060-xt-16gb-16gb-ddr5-500gb-ssd-650w-hunter-2.html",https://sklep.hard-pc.pl/galerie/81/7/zestaw-ryzen-5-7500f-rx-9060_81708_k.jpg
Hard-PC.pl,"Zestaw | Intel Ultra 5 225F, RTX 5060 TI 8GB, 16GB DDR5, 1TB SSD, 750W, Signum 300 ARGB",5469.0,Intel Ultra 5 225F,RTX 5060 TI 8GB,16GB DDR5,1TB SSD,750W,"https://sklep.hard-pc.pl/p22809,zestaw-intel-ultra-5-225f-rtx-5060-ti-8gb-16gb-ddr5-1tb-ssd-750w-signum-300-argb.html",https://sklep.hard-pc.pl/galerie/50/8/obudowa-endorfy-signum-300-ar_50864_k.jpg
Hard-PC.pl,"Zestaw | Ryzen 5 7500X3D, RX 9060 XT 8GB, 16GB DDR5, 500GB SSD, 650W, Signum 300 ARGB",5479.0,Ryzen 5 7500X3D,RX 9060 XT 8GB,16GB DDR5,500GB SSD,650W,"https://sklep.hard-pc.pl/p22844,zestaw-ryzen-5-7500x3d-rx-9060-xt-8gb-16gb-ddr5-500gb-ssd-650w-signum-300-argb.html",https://sklep.hard-pc.pl/galerie/50/8/obudowa-endorfy-signum-300-ar_50864_k.jpg
Hard-PC.pl,"Zestaw | Intel Ultra 5 245KF, RX 9060 XT 8GB, 16GB DDR5, 512GB SSD, 650W, Hunter 2 ARGB",5499.0,Intel Ultra 5 245KF,RX 9060 XT 8GB,16GB DDR5,512GB SSD,650W,"https://sklep.hard-pc.pl/p22819,zestaw-intel-ultra-5-245kf-rx-9060-xt-8gb-16gb-ddr5-512gb-ssd-650w-hunter-2-argb.html",https://sklep.hard-pc.pl/galerie/81/7/zestaw-ryzen-5-7500f-rx-9060_81708_k.jpg
Hard-PC.pl,"Zestaw | Ryzen 7 5800X, RX 9060 XT 16GB, 16GB DDR4, 500GB SSD, 650W, Exo ARGB",5499.0,Ryzen 7 5800X,RX 9060 XT 16GB,16GB DDR4,500GB SSD,650W,"https://sklep.hard-pc.pl/p22434,zestaw-ryzen-7-5800x-rx-9060-xt-16gb-16gb-ddr4-500gb-ssd-650w-exo-argb.html",https://sklep.hard-pc.pl/galerie/73/8/obudowa-krux-exo-argb-black_73874_k.jpg
Hard-PC.pl,"Zestaw | Ryzen 5 7500F, RX 9060 XT 16GB, 16GB DDR5, 500GB SSD, 650W, Pano 130 ARGB",5509.0,Ryzen 5 7500F,RX 9060 XT 16GB,16GB DDR5,500GB SSD,650W,"https://sklep.hard-pc.pl/p25229,zestaw-ryzen-5-7500f-rx-9060-xt-16gb-16gb-ddr5-500gb-ssd-650w-pano-130-argb.html",https://sklep.hard-pc.pl/galerie/81/6/zestaw-ryzen-9-9950x3d-rx-790_81681_k.jpg
Hard-PC.pl,"Zestaw | Ryzen 5 7500F, RX 9060 XT 16GB, 16GB DDR5, 500GB SSD, 650W, Hunter 2",5519.0,Ryzen 5 7500F,RX 9060 XT 16GB,16GB DDR5,500GB SSD,650W,"https://sklep.hard-pc.pl/p26394,zestaw-ryzen-5-7500f-rx-9060-xt-16gb-16gb-ddr5-500gb-ssd-650w-hunter-2.html",https://sklep.hard-pc.pl/galerie/81/7/zestaw-ryzen-5-7500f-rx-9060_81708_k.jpg
Hard-PC.pl,"Zestaw | Ryzen 5 7500F, RX 9060 XT 16GB, 16GB DDR5, 500GB SSD, 650W, Palum",5519.0,Ryzen 5 7500F,RX 9060 XT 16GB,16GB DDR5,500GB SSD,650W,"https://sklep.hard-pc.pl/p26434,zestaw-ryzen-5-7500f-rx-9060-xt-16gb-16gb-ddr5-500gb-ssd-650w-palum.html",https://sklep.hard-pc.pl/galerie/73/9/obudowa-krux-palum-black_73949_k.jpg
Hard-PC.pl,"Zestaw | Ryzen 5 5600, RTX 5060 Ti 16GB, 16GB DDR4, 500GB SSD, 650W, Signum 300 ARGB",5529.0,Ryzen 5 5600,RTX 5060 Ti 16GB,16GB DDR4,500GB SSD,650W,"https://sklep.hard-pc.pl/p19707,zestaw-ryzen-5-5600-rtx-5060-ti-16gb-16gb-ddr4-500gb-ssd-650w-signum-300-argb.html",https://sklep.hard-pc.pl/galerie/50/8/obudowa-endorfy-signum-300-ar_50864_k.jpg
Hard-PC.pl,"Zestaw | Intel I5-12400F, RX 9060 XT 16GB, 16GB DDR4, 500GB SSD, 650W, Signum 300 ARGB",5539.0,Intel I5-12400F,RX 9060 XT 16GB,16GB DDR4,500GB SSD,650W,"https://sklep.hard-pc.pl/p20268,zestaw-intel-i5-12400f-rx-9060-xt-16gb-16gb-ddr4-500gb-ssd-650w-signum-300-argb.html",https://sklep.hard-pc.pl/galerie/50/8/obudowa-endorfy-signum-300-ar_50864_k.jpg
Hard-PC.pl,"Zestaw | Ryzen 5 9500F, RTX 5060 Ti 8GB, 16GB DDR5, 500GB SSD, 650W, Hunter 2",5549.0,Ryzen 5 9500F,RTX 5060 Ti 8GB,16GB DDR5,500GB SSD,650W,"https://sklep.hard-pc.pl/p22791,zestaw-ryzen-5-9500f-rtx-5060-ti-8gb-16gb-ddr5-500gb-ssd-650w-hunter-2.html",https://sklep.hard-pc.pl/galerie/81/7/zestaw-ryzen-5-7500f-rx-9060_81708_k.jpg
Hard-PC.pl,"Zestaw | Ryzen 7 5800X, RX 9060 XT 8GB, 32GB DDR4, 1TB SSD, 600W, Signum 300 ARGB",5549.0,Ryzen 7 5800X,RX 9060 XT 8GB,32GB DDR4,1TB SSD,600W,"https://sklep.hard-pc.pl/p25262,zestaw-ryzen-7-5800x-rx-9060-xt-8gb-32gb-ddr4-1tb-ssd-600w-signum-300-argb.html",https://sklep.hard-pc.pl/galerie/50/8/obudowa-endorfy-signum-300-ar_50864_k.jpg
Hard-PC.pl,"Zestaw | Ryzen 7 7800X3D, RTX 5060 8GB, 16GB DDR5, 500GB SSD, 650W, Hunter 2",5549.0,Ryzen 7 7800X3D,RTX 5060 8GB,16GB DDR5,500GB SSD,650W,"https://sklep.hard-pc.pl/p22759,zestaw-ryzen-7-7800x3d-rtx-5060-8gb-16gb-ddr5-500gb-ssd-650w-hunter-2.html",https://sklep.hard-pc.pl/galerie/81/7/zestaw-ryzen-5-7500f-rx-9060_81708_k.jpg
Hard-PC.pl,"Zestaw | Intel i5 12400F, RTX 5060 Ti 16GB, 16GB DDR4, 500GB SSD, 650W, Signum 300 ARGB",5559.0,Intel i5 12400F,RTX 5060 Ti 16GB,16GB DDR4,500GB SSD,650W,"https://sklep.hard-pc.pl/p19704,zestaw-intel-i5-12400f-rtx-5060-ti-16gb-16gb-ddr4-500gb-ssd-650w-signum-300-argb.html",https://sklep.hard-pc.pl/galerie/50/8/obudowa-endorfy-signum-300-ar_50864_k.jpg
Hard-PC.pl,"Zestaw | Intel I5-14600Kf, RX 9060 XT 16GB, 16GB DDR4, 500GB SSD, 650W, Signum 300 ARGB",5569.0,Intel I5-14600Kf,RX 9060 XT 16GB,16GB DDR4,500GB SSD,650W,"https://sklep.hard-pc.pl/p20271,zestaw-intel-i5-14600kf-rx-9060-xt-16gb-16gb-ddr4-500gb-ssd-650w-signum-300-argb.html",https://sklep.hard-pc.pl/galerie/50/8/obudowa-endorfy-signum-300-ar_50864_k.jpg
Hard-PC.pl,"Zestaw | Ryzen 5 7500X3D, RTX 5060 8GB, 16GB DDR5, 500GB SSD, 650W, Pano 130R ARGB",5569.0,Ryzen 5 7500X3D,RTX 5060 8GB,16GB DDR5,500GB SSD,650W,"https://sklep.hard-pc.pl/p22774,zestaw-ryzen-5-7500x3d-rtx-5060-8gb-16gb-ddr5-500gb-ssd-650w-pano-130r-argb.html",https://sklep.hard-pc.pl/galerie/81/6/obudowa-msi-mag-pano-130r-pz_81680_k.jpg
Hard-PC.pl,"Zestaw | Ryzen 5 8400F, RX 9060 XT 16GB, 16GB DDR5, 500GB SSD, 600W, Signum 300 ARGB",5569.0,Ryzen 5 8400F,RX 9060 XT 16GB,16GB DDR5,500GB SSD,600W,"https://sklep.hard-pc.pl/p22618,zestaw-ryzen-5-8400f-rx-9060-xt-16gb-16gb-ddr5-500gb-ssd-600w-signum-300-argb.html",https://sklep.hard-pc.pl/galerie/50/8/obudowa-endorfy-signum-300-ar_50864_k.jpg
Hard-PC.pl,"Zestaw | Ryzen 7 5700X, RX 9060 XT 16GB, 16GB DDR4, 1TB SSD, 750W, Hunter 3",5569.0,Ryzen 7 5700X,RX 9060 XT 16GB,16GB DDR4,1TB SSD,750W,"https://sklep.hard-pc.pl/p22547,zestaw-ryzen-7-5700x-rx-9060-xt-16gb-16gb-ddr4-1tb-ssd-750w-hunter-3.html",https://sklep.hard-pc.pl/galerie/78/2/zestaw-ryzen-5-7600x-rtx-5070_78210_k.jpg
Hard-PC.pl,"Zestaw | Ryzen 5 7500X3D, RX 9060 XT 8GB, 16GB DDR5, 500GB SSD, 650W, Pano 130R ARGB",5579.0,Ryzen 5 7500X3D,RX 9060 XT 8GB,16GB DDR5,500GB SSD,650W,"https://sklep.hard-pc.pl/p22845,zestaw-ryzen-5-7500x3d-rx-9060-xt-8gb-16gb-ddr5-500gb-ssd-650w-pano-130r-argb.html",https://sklep.hard-pc.pl/galerie/81/6/obudowa-msi-mag-pano-130r-pz_81680_k.jpg
Hard-PC.pl,"Zestaw | Intel Ultra 225F, RTX 5060 Ti 8GB, 16GB DDR5, 650W, Signum 300 ARGB",5599.0,Intel Ultra 225F,RTX 5060 Ti 8GB,16GB DDR5,,650W,"https://sklep.hard-pc.pl/p26430,zestaw-intel-ultra-225f-rtx-5060-ti-8gb-16gb-ddr5-650w-signum-300-argb.html",https://sklep.hard-pc.pl/galerie/50/8/obudowa-endorfy-signum-300-ar_50864_k.jpg
Hard-PC.pl,"Zestaw | Ryzen 5 7500F, RX 9060 XT 16GB, 16GB DDR5, 500GB SSD, 650W, Hunter 2",5599.0,Ryzen 5 7500F,RX 9060 XT 16GB,16GB DDR5,500GB SSD,650W,"https://sklep.hard-pc.pl/p25257,zestaw-ryzen-5-7500f-rx-9060-xt-16gb-16gb-ddr5-500gb-ssd-650w-hunter-2.html",https://sklep.hard-pc.pl/galerie/81/7/zestaw-ryzen-5-7500f-rx-9060_81708_k.jpg
Hard-PC.pl,"Zestaw | Ryzen 5 7500F, RX 9060 XT 16GB, 16GB DDR5, 500GB SSD, 650W, Pano 130 ARGB",5599.0,Ryzen 5 7500F,RX 9060 XT 16GB,16GB DDR5,500GB SSD,650W,"https://sklep.hard-pc.pl/p26199,zestaw-ryzen-5-7500f-rx-9060-xt-16gb-16gb-ddr5-500gb-ssd-650w-pano-130-argb.html",https://sklep.hard-pc.pl/galerie/81/6/zestaw-ryzen-9-9950x3d-rx-790_81681_k.jpg
Hard-PC.pl,"Zestaw | Ryzen 5 5600, RX 9060 XT 16GB, 32GB DDR4, 1TB SSD, 600W, Signum 300 ARGB",5649.0,Ryzen 5 5600,RX 9060 XT 16GB,32GB DDR4,1TB SSD,600W,"https://sklep.hard-pc.pl/p20463,zestaw-ryzen-5-5600-rx-9060-xt-16gb-32gb-ddr4-1tb-ssd-600w-signum-300-argb.html",https://sklep.hard-pc.pl/galerie/50/8/obudowa-endorfy-signum-300-ar_50864_k.jpg
Hard-PC.pl,"Zestaw | Ryzen 7 7800X3D, RTX 5060 8GB, 16GB DDR5, 500GB SSD, 650W, Pano 130R ARGB",5649.0,Ryzen 7 7800X3D,RTX 5060 8GB,16GB DDR5,500GB SSD,650W,"https://sklep.hard-pc.pl/p22767,zestaw-ryzen-7-7800x3d-rtx-5060-8gb-16gb-ddr5-500gb-ssd-650w-pano-130r-argb.html",https://sklep.hard-pc.pl/galerie/81/6/obudowa-msi-mag-pano-130r-pz_81680_k.jpg
Hard-PC.pl,"Zestaw | Ryzen 5 7500F, RX 9060 XT 16GB, 16GB DDR5, 500GB SSD, 600W, Signum 300 ARGB",5669.0,Ryzen 5 7500F,RX 9060 XT 16GB,16GB DDR5,500GB SSD,600W,"https://sklep.hard-pc.pl/p22619,zestaw-ryzen-5-7500f-rx-9060-xt-16gb-16gb-ddr5-500gb-ssd-600w-signum-300-argb.html",https://sklep.hard-pc.pl/galerie/50/8/obudowa-endorfy-signum-300-ar_50864_k.jpg
Hard-PC.pl,"Zestaw | Intel I5-14400F, RX 9060 XT 16GB, 16GB DDR4, 500GB SSD, 650W, Signum 300 ARGB",5689.0,Intel I5-14400F,RX 9060 XT 16GB,16GB DDR4,500GB SSD,650W,"https://sklep.hard-pc.pl/p20270,zestaw-intel-i5-14400f-rx-9060-xt-16gb-16gb-ddr4-500gb-ssd-650w-signum-300-argb.html",https://sklep.hard-pc.pl/galerie/50/8/obudowa-endorfy-signum-300-ar_50864_k.jpg
Hard-PC.pl,"Zestaw Redragon | Ryzen 7 5700X, RTX 5060 8GB, 32GB DDR4, 1TB SSD, 850W, GC 623 ARGB",5699.0,Ryzen 7 5700X,RTX 5060 8GB,32GB DDR4,1TB SSD,850W,"https://sklep.hard-pc.pl/p25989,zestaw-redragon-ryzen-7-5700x-rtx-5060-8gb-32gb-ddr4-1tb-ssd-850w-gc-623-argb.html",https://sklep.hard-pc.pl/galerie/78/0/obudowa-redragon-gc-623-pro-e_78076_k.jpg
Hard-PC.pl,"Zestaw | Intel i5 14400F, RTX 5060 Ti 16GB, 16GB DDR4, 500GB SSD, 650W, Signum 300 ARGB",5699.0,Intel i5 14400F,RTX 5060 Ti 16GB,16GB DDR4,500GB SSD,650W,"https://sklep.hard-pc.pl/p19705,zestaw-intel-i5-14400f-rtx-5060-ti-16gb-16gb-ddr4-500gb-ssd-650w-signum-300-argb.html",https://sklep.hard-pc.pl/galerie/50/8/obudowa-endorfy-signum-300-ar_50864_k.jpg
Hard-PC.pl,"Zestaw | Ryzen 5 7500F, RX 7600 8GB, 32GB DDR5, 500GB SSD, 600W, Nadir",5699.0,Ryzen 5 7500F,RX 7600 8GB,32GB DDR5,500GB SSD,600W,"https://sklep.hard-pc.pl/p18277,zestaw-ryzen-5-7500f-rx-7600-8gb-32gb-ddr5-500gb-ssd-600w-nadir.html",https://sklep.hard-pc.pl/galerie/66/3/zestaw-intel-i5-13400f-rtx-40_66308_k.jpg
Hard-PC.pl,"Zestaw | Ryzen 5 8400F, RTX 5060 TI 16GB, 16GB DDR5, 500GB SSD, 600W, Signum 300 ARGB",5699.0,Ryzen 5 8400F,RTX 5060 TI 16GB,16GB DDR5,500GB SSD,600W,"https://sklep.hard-pc.pl/p22621,zestaw-ryzen-5-8400f-rtx-5060-ti-16gb-16gb-ddr5-500gb-ssd-600w-signum-300-argb.html",https://sklep.hard-pc.pl/galerie/50/8/obudowa-endorfy-signum-300-ar_50864_k.jpg
Hard-PC.pl,"Zestaw | Ryzen 7 5700X, RTX 5060 Ti 16GB, 16GB DDR4, 500GB SSD, 650W, Signum 300 ARGB",5699.0,Ryzen 7 5700X,RTX 5060 Ti 16GB,16GB DDR4,500GB SSD,650W,"https://sklep.hard-pc.pl/p19708,zestaw-ryzen-7-5700x-rtx-5060-ti-16gb-16gb-ddr4-500gb-ssd-650w-signum-300-argb.html",https://sklep.hard-pc.pl/galerie/50/8/obudowa-endorfy-signum-300-ar_50864_k.jpg
Hard-PC.pl,"Zestaw | Ryzen 5 8400F, RX 9060 XT 16GB, 16GB DDR5, 500GB SSD, 650W, Atron",5739.0,Ryzen 5 8400F,RX 9060 XT 16GB,16GB DDR5,500GB SSD,650W,"https://sklep.hard-pc.pl/p25209,zestaw-ryzen-5-8400f-rx-9060-xt-16gb-16gb-ddr5-500gb-ssd-650w-atron.html",https://sklep.hard-pc.pl/galerie/87/0/zestaw-ryzen-5-7500f-rtx-5060_87076_k.jpg
Hard-PC.pl,"Zestaw Redragon | Ryzen 7 5700X, RTX 5060 8GB, 32GB DDR4, 1TB SSD, 850W, GC 625 ARGB",5749.0,Ryzen 7 5700X,RTX 5060 8GB,32GB DDR4,1TB SSD,850W,"https://sklep.hard-pc.pl/p25997,zestaw-redragon-ryzen-7-5700x-rtx-5060-8gb-32gb-ddr4-1tb-ssd-850w-gc-625-argb.html",https://sklep.hard-pc.pl/galerie/78/0/obudowa-redragon-gc-625-pro-v_78077_k.jpg
Hard-PC.pl,"Zestaw | Intel Ultra 5 245KF, RTX 5060 TI 8GB, 16GB DDR5, 512GB SSD, 650W, Hunter 2 ARGB",5749.0,Intel Ultra 5 245KF,RTX 5060 TI 8GB,16GB DDR5,512GB SSD,650W,"https://sklep.hard-pc.pl/p22818,zestaw-intel-ultra-5-245kf-rtx-5060-ti-8gb-16gb-ddr5-512gb-ssd-650w-hunter-2-argb.html",https://sklep.hard-pc.pl/galerie/81/7/zestaw-ryzen-5-7500f-rx-9060_81708_k.jpg
Hard-PC.pl,"Zestaw | Ryzen 5 9500F, RX 9060 XT 16GB, 16GB DDR5, 500GB SSD, 650W, Hunter 2",5749.0,Ryzen 5 9500F,RX 9060 XT 16GB,16GB DDR5,500GB SSD,650W,"https://sklep.hard-pc.pl/p22786,zestaw-ryzen-5-9500f-rx-9060-xt-16gb-16gb-ddr5-500gb-ssd-650w-hunter-2.html",https://sklep.hard-pc.pl/galerie/81/7/zestaw-ryzen-5-7500f-rx-9060_81708_k.jpg
Hard-PC.pl,"Zestaw | Ryzen 7 7800X3D, RX 9060 XT 8GB, 16GB DDR5, 500GB SSD, 650W, Hunter 2",5749.0,Ryzen 7 7800X3D,RX 9060 XT 8GB,16GB DDR5,500GB SSD,650W,"https://sklep.hard-pc.pl/p22794,zestaw-ryzen-7-7800x3d-rx-9060-xt-8gb-16gb-ddr5-500gb-ssd-650w-hunter-2.html",https://sklep.hard-pc.pl/galerie/81/7/zestaw-ryzen-5-7500f-rx-9060_81708_k.jpg
Hard-PC.pl,"Zestaw | Ryzen 5 7500X3D, RTX 5060 TI 8GB, 16GB DDR5, 500GB SSD, 650W, Signum 300 ARGB",5769.0,Ryzen 5 7500X3D,RTX 5060 TI 8GB,16GB DDR5,500GB SSD,650W,"https://sklep.hard-pc.pl/p22847,zestaw-ryzen-5-7500x3d-rtx-5060-ti-8gb-16gb-ddr5-500gb-ssd-650w-signum-300-argb.html",https://sklep.hard-pc.pl/galerie/50/8/obudowa-endorfy-signum-300-ar_50864_k.jpg
Hard-PC.pl,"Zestaw | Ryzen 7 5700X, RTX 5060 TI 8GB, 32GB DDR4, 1TB SSD, 700W, Hunter 2",5769.0,Ryzen 7 5700X,RTX 5060 TI 8GB,32GB DDR4,1TB SSD,700W,"https://sklep.hard-pc.pl/p25423,zestaw-ryzen-7-5700x-rtx-5060-ti-8gb-32gb-ddr4-1tb-ssd-700w-hunter-2.html",https://sklep.hard-pc.pl/galerie/81/7/zestaw-ryzen-5-7500f-rx-9060_81708_k.jpg
Hard-PC.pl,"Zestaw | Ryzen 7 5700X, RX 9060 XT 16GB, 32GB DDR4, 1TB SSD, 600W, Signum 300 ARGB",5779.0,Ryzen 7 5700X,RX 9060 XT 16GB,32GB DDR4,1TB SSD,600W,"https://sklep.hard-pc.pl/p20481,zestaw-ryzen-7-5700x-rx-9060-xt-16gb-32gb-ddr4-1tb-ssd-600w-signum-300-argb.html",https://sklep.hard-pc.pl/galerie/50/8/obudowa-endorfy-signum-300-ar_50864_k.jpg
Hard-PC.pl,"Zestaw | Intel i5 14400F, RTX 5060 Ti 16GB, 16GB DDR4, 500GB SSD, 650W, Exo ARGB",5789.0,Intel i5 14400F,RTX 5060 Ti 16GB,16GB DDR4,500GB SSD,650W,"https://sklep.hard-pc.pl/p20723,zestaw-intel-i5-14400f-rtx-5060-ti-16gb-16gb-ddr4-500gb-ssd-650w-exo-argb.html",https://sklep.hard-pc.pl/galerie/73/8/obudowa-krux-exo-argb-black_73874_k.jpg
Hard-PC.pl,"Zestaw | Intel Ultra 5 250KF Plus, RX 9060 XT 8GB, 16GB DDR5, 500GB SSD, 850W, Pano 130 ARGB",5799.0,Intel Ultra 5 250KF Plus,RX 9060 XT 8GB,16GB DDR5,500GB SSD,850W,"https://sklep.hard-pc.pl/p24424,zestaw-intel-ultra-5-250kf-plus-rx-9060-xt-8gb-16gb-ddr5-500gb-ssd-850w-pano-130-argb.html",https://sklep.hard-pc.pl/galerie/81/6/zestaw-ryzen-9-9950x3d-rx-790_81681_k.jpg
Hard-PC.pl,"Zestaw | Ryzen 7 5700X, RX 9060 XT 16GB, 32GB DDR4, 1TB SSD, 600W, Nadir",5799.0,Ryzen 7 5700X,RX 9060 XT 16GB,32GB DDR4,1TB SSD,600W,"https://sklep.hard-pc.pl/p21191,zestaw-ryzen-7-5700x-rx-9060-xt-16gb-32gb-ddr4-1tb-ssd-600w-nadir.html",https://sklep.hard-pc.pl/galerie/66/3/zestaw-intel-i5-13400f-rtx-40_66308_k.jpg
Hard-PC.pl,"Zestaw | Ryzen 7 7800X3D, RX 9060 XT 8GB, 16GB DDR5, 500GB SSD, 650W, PANO 130R",5799.0,Ryzen 7 7800X3D,RX 9060 XT 8GB,16GB DDR5,500GB SSD,650W,"https://sklep.hard-pc.pl/p24395,zestaw-ryzen-7-7800x3d-rx-9060-xt-8gb-16gb-ddr5-500gb-ssd-650w-pano-130r.html",https://sklep.hard-pc.pl/galerie/81/6/zestaw-ryzen-9-9950x3d-rx-790_81681_k.jpg
Hard-PC.pl,"Zestaw | Ryzen 5 7500F, RTX 5060 8GB, 32GB DDR5, 500GB SSD, 650W, Hunter 2",5849.0,Ryzen 5 7500F,RTX 5060 8GB,32GB DDR5,500GB SSD,650W,"https://sklep.hard-pc.pl/p22726,zestaw-ryzen-5-7500f-rtx-5060-8gb-32gb-ddr5-500gb-ssd-650w-hunter-2.html",https://sklep.hard-pc.pl/galerie/81/7/zestaw-ryzen-5-7500f-rx-9060_81708_k.jpg
Hard-PC.pl,"Zestaw | Ryzen 7 5800X, RTX 5060 Ti 8GB, 32GB DDR4, 1TB SSD, 600W, Signum 300 ARGB",5849.0,Ryzen 7 5800X,RTX 5060 Ti 8GB,32GB DDR4,1TB SSD,600W,"https://sklep.hard-pc.pl/p25261,zestaw-ryzen-7-5800x-rtx-5060-ti-8gb-32gb-ddr4-1tb-ssd-600w-signum-300-argb.html",https://sklep.hard-pc.pl/galerie/50/8/obudowa-endorfy-signum-300-ar_50864_k.jpg
Hard-PC.pl,"Zestaw | Intel Ultra 5 245KF, RX 9060 XT 16GB, 16GB DDR5, 512GB SSD, 650W, Hunter 2 ARGB",5869.0,Intel Ultra 5 245KF,RX 9060 XT 16GB,16GB DDR5,512GB SSD,650W,"https://sklep.hard-pc.pl/p22820,zestaw-intel-ultra-5-245kf-rx-9060-xt-16gb-16gb-ddr5-512gb-ssd-650w-hunter-2-argb.html",https://sklep.hard-pc.pl/galerie/81/7/zestaw-ryzen-5-7500f-rx-9060_81708_k.jpg
Hard-PC.pl,"Zestaw | Ryzen 5 7500F, RX 7600 8GB, 32GB DDR5, 500GB SSD, 600W, Nadir",5869.0,Ryzen 5 7500F,RX 7600 8GB,32GB DDR5,500GB SSD,600W,"https://sklep.hard-pc.pl/p18276,zestaw-ryzen-5-7500f-rx-7600-8gb-32gb-ddr5-500gb-ssd-600w-nadir.html",https://sklep.hard-pc.pl/galerie/66/3/zestaw-intel-i5-13400f-rtx-40_66308_k.jpg
Hard-PC.pl,"Zestaw | Intel Ultra 5 225F, RTX 5060 TI 8GB, 16GB DDR5, 1TB SSD, 750W, Stellar 8F ARGB Black",5879.0,Intel Ultra 5 225F,RTX 5060 TI 8GB,16GB DDR5,1TB SSD,750W,"https://sklep.hard-pc.pl/p25615,zestaw-intel-ultra-5-225f-rtx-5060-ti-8gb-16gb-ddr5-1tb-ssd-750w-stellar-8f-argb-black.html",https://sklep.hard-pc.pl/galerie/79/7/obudowa-modecom-volcano-stell_79750_k.jpg
Hard-PC.pl,"Zestaw | Ryzen 5 7500F, RX 9060 XT 16GB, 16GB DDR5, 500GB SSD, 650W, Atron",5889.0,Ryzen 5 7500F,RX 9060 XT 16GB,16GB DDR5,500GB SSD,650W,"https://sklep.hard-pc.pl/p25210,zestaw-ryzen-5-7500f-rx-9060-xt-16gb-16gb-ddr5-500gb-ssd-650w-atron.html",https://sklep.hard-pc.pl/galerie/87/0/zestaw-ryzen-5-7500f-rtx-5060_87076_k.jpg
Hard-PC.pl,"Zestaw | Ryzen 5 7500F, RTX 5060 TI 16GB, 16GB DDR5, 500GB SSD, 600W, Signum 300 ARGB",5899.0,Ryzen 5 7500F,RTX 5060 TI 16GB,16GB DDR5,500GB SSD,600W,"https://sklep.hard-pc.pl/p26416,zestaw-ryzen-5-7500f-rtx-5060-ti-16gb-16gb-ddr5-500gb-ssd-600w-signum-300-argb.html",https://sklep.hard-pc.pl/galerie/50/8/obudowa-endorfy-signum-300-ar_50864_k.jpg
Hard-PC.pl,"Zestaw | Ryzen 5 7500F, RX 7600 8GB, 32GB DDR5, 1TB SSD, 650W, Signum 300 ARGB",5899.0,Ryzen 5 7500F,RX 7600 8GB,32GB DDR5,1TB SSD,650W,"https://sklep.hard-pc.pl/p22688,zestaw-ryzen-5-7500f-rx-7600-8gb-32gb-ddr5-1tb-ssd-650w-signum-300-argb.html",https://sklep.hard-pc.pl/galerie/50/8/obudowa-endorfy-signum-300-ar_50864_k.jpg
Hard-PC.pl,"Zestaw | Ryzen 5 7500F, RX 9060 XT 16GB, 16GB DDR5, 500GB SSD, 650W, Atron",5929.0,Ryzen 5 7500F,RX 9060 XT 16GB,16GB DDR5,500GB SSD,650W,"https://sklep.hard-pc.pl/p25486,zestaw-ryzen-5-7500f-rx-9060-xt-16gb-16gb-ddr5-500gb-ssd-650w-atron.html",https://sklep.hard-pc.pl/galerie/87/0/zestaw-ryzen-5-7500f-rtx-5060_87076_k.jpg
Hard-PC.pl,"Zestaw | Ryzen 7 5800X, RX 9060 XT 16GB, 32GB DDR4, 1TB SSD, 600W, Signum 300 ARGB",5959.0,Ryzen 7 5800X,RX 9060 XT 16GB,32GB DDR4,1TB SSD,600W,"https://sklep.hard-pc.pl/p25263,zestaw-ryzen-7-5800x-rx-9060-xt-16gb-32gb-ddr4-1tb-ssd-600w-signum-300-argb.html",https://sklep.hard-pc.pl/galerie/50/8/obudowa-endorfy-signum-300-ar_50864_k.jpg
Hard-PC.pl,"Zestaw | Ryzen 5 7500F, RX 9060 XT 16GB, 16GB DDR5, 500GB SSD, 650W, Exo ARGB",5969.0,Ryzen 5 7500F,RX 9060 XT 16GB,16GB DDR5,500GB SSD,650W,"https://sklep.hard-pc.pl/p25495,zestaw-ryzen-5-7500f-rx-9060-xt-16gb-16gb-ddr5-500gb-ssd-650w-exo-argb.html",https://sklep.hard-pc.pl/galerie/85/3/zestaw-ryzen-5-7500f-rx-9060_85324_k.jpg
Hard-PC.pl,"Zestaw | Ryzen 7 5700X, RX 9060 XT 16GB, 32GB DDR4, 1TB SSD, 600W, ARX 700 ARGB",5979.0,Ryzen 7 5700X,RX 9060 XT 16GB,32GB DDR4,1TB SSD,600W,"https://sklep.hard-pc.pl/p21315,zestaw-ryzen-7-5700x-rx-9060-xt-16gb-32gb-ddr4-1tb-ssd-600w-arx-700-argb.html",https://sklep.hard-pc.pl/galerie/55/6/obudowa-endorfy-arx-700-argb_55620_k.jpg
Hard-PC.pl,"Zestaw | Ryzen 5 7500F, RX 9060 XT 16GB, 16GB DDR5, 1TB SSD, 650W, Night hunter",5999.0,Ryzen 5 7500F,RX 9060 XT 16GB,16GB DDR5,1TB SSD,650W,"https://sklep.hard-pc.pl/p26157,zestaw-ryzen-5-7500f-rx-9060-xt-16gb-16gb-ddr5-1tb-ssd-650w-night-hunter.html",https://sklep.hard-pc.pl/galerie/76/7/zestaw-ryzen-7-7700-rx-9070-1_76729_k.jpg
Hard-PC.pl,"Zestaw | Ryzen 7 5800X, RTX 5060 Ti 16GB, 16GB DDR4, 500GB SSD, 600W, Signum 300 ARGB",5999.0,Ryzen 7 5800X,RTX 5060 Ti 16GB,16GB DDR4,500GB SSD,600W,"https://sklep.hard-pc.pl/p25273,zestaw-ryzen-7-5800x-rtx-5060-ti-16gb-16gb-ddr4-500gb-ssd-600w-signum-300-argb.html",https://sklep.hard-pc.pl/galerie/50/8/obudowa-endorfy-signum-300-ar_50864_k.jpg
Hard-PC.pl,"Zestaw Redragon | Ryzen 7 5700X, RTX 5060 TI 8GB, 32GB DDR4, 1TB SSD, 850W, GC 623 ARGB",6019.0,Ryzen 7 5700X,RTX 5060 TI 8GB,32GB DDR4,1TB SSD,850W,"https://sklep.hard-pc.pl/p25990,zestaw-redragon-ryzen-7-5700x-rtx-5060-ti-8gb-32gb-ddr4-1tb-ssd-850w-gc-623-argb.html",https://sklep.hard-pc.pl/galerie/78/0/obudowa-redragon-gc-623-pro-e_78076_k.jpg
Hard-PC.pl,"Zestaw Redragon | Ryzen 7 5700X, RTX 5060 TI 8GB, 32GB DDR4, 1TB SSD, 850W, GC 625 ARGB",6019.0,Ryzen 7 5700X,RTX 5060 TI 8GB,32GB DDR4,1TB SSD,850W,"https://sklep.hard-pc.pl/p25998,zestaw-redragon-ryzen-7-5700x-rtx-5060-ti-8gb-32gb-ddr4-1tb-ssd-850w-gc-625-argb.html",https://sklep.hard-pc.pl/galerie/78/0/obudowa-redragon-gc-625-pro-v_78077_k.jpg
Hard-PC.pl,"Zestaw | Ryzen 7 7800X3D, RTX 5060 TI 8GB, 16GB DDR5, 500GB SSD, 650W, Hunter 2",6049.0,Ryzen 7 7800X3D,RTX 5060 TI 8GB,16GB DDR5,500GB SSD,650W,"https://sklep.hard-pc.pl/p22793,zestaw-ryzen-7-7800x3d-rtx-5060-ti-8gb-16gb-ddr5-500gb-ssd-650w-hunter-2.html",https://sklep.hard-pc.pl/galerie/81/7/zestaw-ryzen-5-7500f-rx-9060_81708_k.jpg
Hard-PC.pl,"Zestaw | Ryzen 5 8400F, RTX 5060 8GB, 32GB DDR5, 1TB SSD, 650W, Signum 300 ARGB ARGB",6079.0,Ryzen 5 8400F,RTX 5060 8GB,32GB DDR5,1TB SSD,650W,"https://sklep.hard-pc.pl/p20661,zestaw-ryzen-5-8400f-rtx-5060-8gb-32gb-ddr5-1tb-ssd-650w-signum-300-argb-argb.html",https://sklep.hard-pc.pl/galerie/50/8/obudowa-endorfy-signum-300-ar_50864_k.jpg
Hard-PC.pl,"Zestaw | Ryzen 5 7500F, RTX 5060 8GB, 32GB DDR5, 1TB SSD, 750W, Signum 300 ARGB",6099.0,Ryzen 5 7500F,RTX 5060 8GB,32GB DDR5,1TB SSD,750W,"https://sklep.hard-pc.pl/p26384,zestaw-ryzen-5-7500f-rtx-5060-8gb-32gb-ddr5-1tb-ssd-750w-signum-300-argb.html",https://sklep.hard-pc.pl/galerie/50/8/obudowa-endorfy-signum-300-ar_50864_k.jpg
Hard-PC.pl,"Zestaw | Ryzen 5 7500F, RTX 5060 TI 16GB, 16GB DDR5, 500GB SSD, 600W, Signum 300 ARGB",6099.0,Ryzen 5 7500F,RTX 5060 TI 16GB,16GB DDR5,500GB SSD,600W,"https://sklep.hard-pc.pl/p22620,zestaw-ryzen-5-7500f-rtx-5060-ti-16gb-16gb-ddr5-500gb-ssd-600w-signum-300-argb.html",https://sklep.hard-pc.pl/galerie/50/8/obudowa-endorfy-signum-300-ar_50864_k.jpg
Hard-PC.pl,"Zestaw | Ryzen 5 7500F, RTX 5060 Ti 8GB, 16GB DDR5, 1TB SSD, 650W, P30 ARGB",6099.0,Ryzen 5 7500F,RTX 5060 Ti 8GB,16GB DDR5,1TB SSD,650W,"https://sklep.hard-pc.pl/p25439,zestaw-ryzen-5-7500f-rtx-5060-ti-8gb-16gb-ddr5-1tb-ssd-650w-p30-argb.html",https://sklep.hard-pc.pl/galerie/87/0/zestaw-ryzen-5-7500f-rtx-5060_87076_k.jpg
Hard-PC.pl,"Zestaw | Ryzen 5 7500F, RTX 5060 Ti 8GB, 16GB DDR5, 1TB SSD, 650W, P30 ARGB",6099.0,Ryzen 5 7500F,RTX 5060 Ti 8GB,16GB DDR5,1TB SSD,650W,"https://sklep.hard-pc.pl/p25439,zestaw-ryzen-5-7500f-rtx-5060-ti-8gb-16gb-ddr5-1tb-ssd-650w-p30-argb.html",https://sklep.hard-pc.pl/galerie/87/0/zestaw-ryzen-5-7500f-rtx-5060_87076_k.jpg
Hard-PC.pl,"Zestaw | Ryzen 5 7500X3D, RX 9060 XT 16GB, 16GB DDR5, 500GB SSD, 650W, Signum 300 ARGB",6099.0,Ryzen 5 7500X3D,RX 9060 XT 16GB,16GB DDR5,500GB SSD,650W,"https://sklep.hard-pc.pl/p22740,zestaw-ryzen-5-7500x3d-rx-9060-xt-16gb-16gb-ddr5-500gb-ssd-650w-signum-300-argb.html",https://sklep.hard-pc.pl/galerie/50/8/obudowa-endorfy-signum-300-ar_50864_k.jpg
Hard-PC.pl,"Zestaw | Ryzen 5 9500F, RTX 5060 8GB, 32GB DDR5, 1TB SSD, 650W, ARX 700 ARGB",6099.0,Ryzen 5 9500F,RTX 5060 8GB,32GB DDR5,1TB SSD,650W,"https://sklep.hard-pc.pl/p25851,zestaw-ryzen-5-9500f-rtx-5060-8gb-32gb-ddr5-1tb-ssd-650w-arx-700-argb.html",https://sklep.hard-pc.pl/galerie/50/8/obudowa-endorfy-signum-300-ar_50864_k.jpg
Hard-PC.pl,"Zestaw | Ryzen 5 9500F, RTX 5060 8GB, 32GB DDR5, 1TB SSD, 650W, ARX 700 ARGB",6099.0,Ryzen 5 9500F,RTX 5060 8GB,32GB DDR5,1TB SSD,650W,"https://sklep.hard-pc.pl/p25851,zestaw-ryzen-5-9500f-rtx-5060-8gb-32gb-ddr5-1tb-ssd-650w-arx-700-argb.html",https://sklep.hard-pc.pl/galerie/50/8/obudowa-endorfy-signum-300-ar_50864_k.jpg
Hard-PC.pl,"Zestaw | Ryzen 7 5700X, RX 9060 XT 16GB, 16GB DDR4, 1TB SSD, 750W, Lian li V100",6099.0,Ryzen 7 5700X,RX 9060 XT 16GB,16GB DDR4,1TB SSD,750W,"https://sklep.hard-pc.pl/p26362,zestaw-ryzen-7-5700x-rx-9060-xt-16gb-16gb-ddr4-1tb-ssd-750w-lian-li-v100.html",https://sklep.hard-pc.pl/galerie/87/0/zestaw-ryzen-7-5700x-rx-9060_87008_k.jpg
Hard-PC.pl,"Zestaw | Ryzen 7 7800X3D, RTX 5060 TI 8GB, 16GB DDR5, 500GB SSD, 650W, PANO 130R",6099.0,Ryzen 7 7800X3D,RTX 5060 TI 8GB,16GB DDR5,500GB SSD,650W,"https://sklep.hard-pc.pl/p25244,zestaw-ryzen-7-7800x3d-rtx-5060-ti-8gb-16gb-ddr5-500gb-ssd-650w-pano-130r.html",https://sklep.hard-pc.pl/galerie/81/6/zestaw-ryzen-9-9950x3d-rx-790_81681_k.jpg
Hard-PC.pl,"Zestaw | Ryzen 7 7800X3D, RTX 5060 TI 8GB, 16GB DDR5, 500GB SSD, 650W, PANO 130R",6099.0,Ryzen 7 7800X3D,RTX 5060 TI 8GB,16GB DDR5,500GB SSD,650W,"https://sklep.hard-pc.pl/p25244,zestaw-ryzen-7-7800x3d-rtx-5060-ti-8gb-16gb-ddr5-500gb-ssd-650w-pano-130r.html",https://sklep.hard-pc.pl/galerie/81/6/zestaw-ryzen-9-9950x3d-rx-790_81681_k.jpg
Hard-PC.pl,"Zestaw | Ryzen 5 8400F, RTX 5060 8GB, 32GB DDR5, 1000GB SSD, 650W, Signum 300 ARGB",6119.0,Ryzen 5 8400F,RTX 5060 8GB,32GB DDR5,1000GB SSD,650W,"https://sklep.hard-pc.pl/p19979,zestaw-ryzen-5-8400f-rtx-5060-8gb-32gb-ddr5-1000gb-ssd-650w-signum-300-argb.html",https://sklep.hard-pc.pl/galerie/50/8/obudowa-endorfy-signum-300-ar_50864_k.jpg
Hard-PC.pl,"Zestaw | Ryzen 7 5700X, RX 9060 XT 16GB, 32GB DDR4, 1TB SSD, 750W, Hunter 3",6119.0,Ryzen 7 5700X,RX 9060 XT 16GB,32GB DDR4,1TB SSD,750W,"https://sklep.hard-pc.pl/p22528,zestaw-ryzen-7-5700x-rx-9060-xt-16gb-32gb-ddr4-1tb-ssd-750w-hunter-3.html",https://sklep.hard-pc.pl/galerie/78/2/zestaw-ryzen-5-7600x-rtx-5070_78210_k.jpg
Hard-PC.pl,"Zestaw | Intel Ultra 5 250KF Plus, RTX 5060 Ti 8GB, 16GB DDR5, 500GB SSD, 850W, Pano 130 ARGB",6129.0,Intel Ultra 5 250KF Plus,RTX 5060 Ti 8GB,16GB DDR5,500GB SSD,850W,"https://sklep.hard-pc.pl/p24428,zestaw-intel-ultra-5-250kf-plus-rtx-5060-ti-8gb-16gb-ddr5-500gb-ssd-850w-pano-130-argb.html",https://sklep.hard-pc.pl/galerie/81/6/zestaw-ryzen-9-9950x3d-rx-790_81681_k.jpg
Hard-PC.pl,"Zestaw | Ryzen 5 8400F, RTX 5060 8GB, 32GB DDR5, 1TB SSD, 650W, Signum 300 ARGB",6129.0,Ryzen 5 8400F,RTX 5060 8GB,32GB DDR5,1TB SSD,650W,"https://sklep.hard-pc.pl/p21036,zestaw-ryzen-5-8400f-rtx-5060-8gb-32gb-ddr5-1tb-ssd-650w-signum-300-argb.html",https://sklep.hard-pc.pl/galerie/50/8/obudowa-endorfy-signum-300-ar_50864_k.jpg
Hard-PC.pl,"Zestaw | Ryzen 5 9500F, RTX 5060 8GB, 32GB DDR5, 500GB SSD, 650W, Hunter 2",6149.0,Ryzen 5 9500F,RTX 5060 8GB,32GB DDR5,500GB SSD,650W,"https://sklep.hard-pc.pl/p22781,zestaw-ryzen-5-9500f-rtx-5060-8gb-32gb-ddr5-500gb-ssd-650w-hunter-2.html",https://sklep.hard-pc.pl/galerie/81/7/zestaw-ryzen-5-7500f-rx-9060_81708_k.jpg
Hard-PC.pl,"Zestaw | Ryzen 7 7800X3D, RTX 5060 8GB, 16GB DDR5, 500GB SSD, 850W, Pano PZ130R",6159.0,Ryzen 7 7800X3D,RTX 5060 8GB,16GB DDR5,500GB SSD,850W,"https://sklep.hard-pc.pl/p25250,zestaw-ryzen-7-7800x3d-rtx-5060-8gb-16gb-ddr5-500gb-ssd-850w-pano-pz130r.html",https://sklep.hard-pc.pl/galerie/81/6/zestaw-ryzen-9-9950x3d-rx-790_81681_k.jpg
Hard-PC.pl,"Zestaw | Ryzen 5 7500F, RTX 5060 8GB, 32GB DDR5, 1000GB SSD, 650W, Signum 300 ARGB",6169.0,Ryzen 5 7500F,RTX 5060 8GB,32GB DDR5,1000GB SSD,650W,"https://sklep.hard-pc.pl/p20328,zestaw-ryzen-5-7500f-rtx-5060-8gb-32gb-ddr5-1000gb-ssd-650w-signum-300-argb.html",https://sklep.hard-pc.pl/galerie/50/8/obudowa-endorfy-signum-300-ar_50864_k.jpg
Hard-PC.pl,"Zestaw | Ryzen 5 8400F, RTX 5060 8GB, 32GB DDR5, 1000GB SSD, 650W, Stellar 5F ARGB White",6199.0,Ryzen 5 8400F,RTX 5060 8GB,32GB DDR5,1000GB SSD,650W,"https://sklep.hard-pc.pl/p20815,zestaw-ryzen-5-8400f-rtx-5060-8gb-32gb-ddr5-1000gb-ssd-650w-stellar-5f-argb-white.html",https://sklep.hard-pc.pl/galerie/74/7/obudowa-modecom-volcano-stell_74759_k.jpg
Hard-PC.pl,"Zestaw | Ryzen 5 8400F, RTX 5060 8GB, 32GB DDR5, 1TB SSD, 650W, Signum 300 ARGB",6199.0,Ryzen 5 8400F,RTX 5060 8GB,32GB DDR5,1TB SSD,650W,"https://sklep.hard-pc.pl/p20662,zestaw-ryzen-5-8400f-rtx-5060-8gb-32gb-ddr5-1tb-ssd-650w-signum-300-argb.html",https://sklep.hard-pc.pl/galerie/50/8/obudowa-endorfy-signum-300-ar_50864_k.jpg
Hard-PC.pl,"Zestaw | Ryzen 5 8400F, RTX 5060 8GB, 32GB DDR5, 1TB SSD, 650W, Ventum",6199.0,Ryzen 5 8400F,RTX 5060 8GB,32GB DDR5,1TB SSD,650W,"https://sklep.hard-pc.pl/p22568,zestaw-ryzen-5-8400f-rtx-5060-8gb-32gb-ddr5-1tb-ssd-650w-ventum.html",https://sklep.hard-pc.pl/galerie/52/5/obudowa-endorfy-ventum-200-so_52514_k.jpg
Hard-PC.pl,"Zestaw | Intel Ultra 5 245KF, RTX 5060 TI 16GB, 16GB DDR5, 512GB SSD, 650W, Hunter 2 ARGB",6219.0,Intel Ultra 5 245KF,RTX 5060 TI 16GB,16GB DDR5,512GB SSD,650W,"https://sklep.hard-pc.pl/p22821,zestaw-intel-ultra-5-245kf-rtx-5060-ti-16gb-16gb-ddr5-512gb-ssd-650w-hunter-2-argb.html",https://sklep.hard-pc.pl/galerie/81/7/zestaw-ryzen-5-7500f-rx-9060_81708_k.jpg
Hard-PC.pl,"Zestaw | Intel Ultra 5 250KF Plus, RX 9060 XT 16GB, 16GB DDR5, 500GB SSD, 850W, Pano 130 ARGB",6239.0,Intel Ultra 5 250KF Plus,RX 9060 XT 16GB,16GB DDR5,500GB SSD,850W,"https://sklep.hard-pc.pl/p24423,zestaw-intel-ultra-5-250kf-plus-rx-9060-xt-16gb-16gb-ddr5-500gb-ssd-850w-pano-130-argb.html",https://sklep.hard-pc.pl/galerie/81/6/zestaw-ryzen-9-9950x3d-rx-790_81681_k.jpg
Hard-PC.pl,"Zestaw | Ryzen 7 7800X3D, RX 9060 XT 16GB, 16GB DDR5, 500GB SSD, 650W, Hunter 2",6249.0,Ryzen 7 7800X3D,RX 9060 XT 16GB,16GB DDR5,500GB SSD,650W,"https://sklep.hard-pc.pl/p22760,zestaw-ryzen-7-7800x3d-rx-9060-xt-16gb-16gb-ddr5-500gb-ssd-650w-hunter-2.html",https://sklep.hard-pc.pl/galerie/81/7/zestaw-ryzen-5-7500f-rx-9060_81708_k.jpg
Hard-PC.pl,"Zestaw | Ryzen 5 9600X, RX 9060 XT 16GB, 16GB DDR5, 500GB SSD, 650W, Signum 300 ARGB",6269.0,Ryzen 5 9600X,RX 9060 XT 16GB,16GB DDR5,500GB SSD,650W,"https://sklep.hard-pc.pl/p22625,zestaw-ryzen-5-9600x-rx-9060-xt-16gb-16gb-ddr5-500gb-ssd-650w-signum-300-argb.html",https://sklep.hard-pc.pl/galerie/50/8/obudowa-endorfy-signum-300-ar_50864_k.jpg
Hard-PC.pl,"Zestaw | Ryzen 5 7500F, RTX 5060 TI 16GB, 16GB DDR5, 500GB SSD, 650W, Hunter 2",6299.0,Ryzen 5 7500F,RTX 5060 TI 16GB,16GB DDR5,500GB SSD,650W,"https://sklep.hard-pc.pl/p22733,zestaw-ryzen-5-7500f-rtx-5060-ti-16gb-16gb-ddr5-500gb-ssd-650w-hunter-2.html",https://sklep.hard-pc.pl/galerie/81/7/zestaw-ryzen-5-7500f-rx-9060_81708_k.jpg
Hard-PC.pl,"Zestaw | Ryzen 5 5600, RTX 5070 12GB, 16GB DDR4, 500GB SSD, 650W, Signum 300 ARGB",6319.0,Ryzen 5 5600,RTX 5070 12GB,16GB DDR4,500GB SSD,650W,"https://sklep.hard-pc.pl/p19867,zestaw-ryzen-5-5600-rtx-5070-12gb-16gb-ddr4-500gb-ssd-650w-signum-300-argb.html",https://sklep.hard-pc.pl/galerie/50/8/obudowa-endorfy-signum-300-ar_50864_k.jpg
Hard-PC.pl,"Zestaw | Ryzen 5 5600, RTX 5060 TI 16GB, 32GB DDR4, 1TB SSD, 600W, Signum 300 ARGB",6349.0,Ryzen 5 5600,RTX 5060 TI 16GB,32GB DDR4,1TB SSD,600W,"https://sklep.hard-pc.pl/p20389,zestaw-ryzen-5-5600-rtx-5060-ti-16gb-32gb-ddr4-1tb-ssd-600w-signum-300-argb.html",https://sklep.hard-pc.pl/galerie/50/8/obudowa-endorfy-signum-300-ar_50864_k.jpg
Hard-PC.pl,"Zestaw | Ryzen 7 7800X3D, RX 9060 XT 16GB, 16GB DDR5, 500GB SSD, 650W, Pano 130R ARGB",6349.0,Ryzen 7 7800X3D,RX 9060 XT 16GB,16GB DDR5,500GB SSD,650W,"https://sklep.hard-pc.pl/p22768,zestaw-ryzen-7-7800x3d-rx-9060-xt-16gb-16gb-ddr5-500gb-ssd-650w-pano-130r-argb.html",https://sklep.hard-pc.pl/galerie/81/6/obudowa-msi-mag-pano-130r-pz_81680_k.jpg
Hard-PC.pl,"Zestaw | Ryzen 7 7800X3D, RTX 5060 TI 8GB, 16GB DDR5, 1TB SSD, 650W, PANO 130R",6359.0,Ryzen 7 7800X3D,RTX 5060 TI 8GB,16GB DDR5,1TB SSD,650W,"https://sklep.hard-pc.pl/p26343,zestaw-ryzen-7-7800x3d-rtx-5060-ti-8gb-16gb-ddr5-1tb-ssd-650w-pano-130r.html",https://sklep.hard-pc.pl/galerie/86/7/zestaw-ryzen-5-9600x-rtx-5070_86768_k.jpg
Hard-PC.pl,"Zestaw | Ryzen 5 7500F, RTX 5060 8GB, 32GB DDR5, 1000GB SSD, 650W, Signum 300 ARGB",6369.0,Ryzen 5 7500F,RTX 5060 8GB,32GB DDR5,1000GB SSD,650W,"https://sklep.hard-pc.pl/p20991,zestaw-ryzen-5-7500f-rtx-5060-8gb-32gb-ddr5-1000gb-ssd-650w-signum-300-argb.html",https://sklep.hard-pc.pl/galerie/50/8/obudowa-endorfy-signum-300-ar_50864_k.jpg
Hard-PC.pl,"Zestaw | Ryzen 5 5600, RTX 5060 TI 16GB, 32GB DDR4, 1TB SSD, 600W, Signum 300 ARGB",6379.0,Ryzen 5 5600,RTX 5060 TI 16GB,32GB DDR4,1TB SSD,600W,"https://sklep.hard-pc.pl/p22433,zestaw-ryzen-5-5600-rtx-5060-ti-16gb-32gb-ddr4-1tb-ssd-600w-signum-300-argb.html",https://sklep.hard-pc.pl/galerie/50/8/obudowa-endorfy-signum-300-ar_50864_k.jpg
Hard-PC.pl,"Zestaw | Ryzen 7 7800X3D, RTX 5060 TI 8GB, 16GB DDR5, 500GB SSD, 850W, Pano PZ130R",6379.0,Ryzen 7 7800X3D,RTX 5060 TI 8GB,16GB DDR5,500GB SSD,850W,"https://sklep.hard-pc.pl/p25249,zestaw-ryzen-7-7800x3d-rtx-5060-ti-8gb-16gb-ddr5-500gb-ssd-850w-pano-pz130r.html",https://sklep.hard-pc.pl/galerie/81/6/zestaw-ryzen-9-9950x3d-rx-790_81681_k.jpg
Hard-PC.pl,"Zestaw | Ryzen 5 9500F, RTX 5060 Ti 8GB, 16GB DDR5, 1TB SSD, 650W, P30 ARGB",6389.0,Ryzen 5 9500F,RTX 5060 Ti 8GB,16GB DDR5,1TB SSD,650W,"https://sklep.hard-pc.pl/p25457,zestaw-ryzen-5-9500f-rtx-5060-ti-8gb-16gb-ddr5-1tb-ssd-650w-p30-argb.html",https://sklep.hard-pc.pl/galerie/87/0/zestaw-ryzen-5-7500f-rtx-5060_87076_k.jpg
Hard-PC.pl,"Zestaw | Intel i5 12400F, RTX 5070 12GB, 16GB DDR4, 500GB SSD, 650W, Signum 300 ARGB",6399.0,Intel i5 12400F,RTX 5070 12GB,16GB DDR4,500GB SSD,650W,"https://sklep.hard-pc.pl/p20651,zestaw-intel-i5-12400f-rtx-5070-12gb-16gb-ddr4-500gb-ssd-650w-signum-300-argb.html",https://sklep.hard-pc.pl/galerie/50/8/obudowa-endorfy-signum-300-ar_50864_k.jpg
Hard-PC.pl,"Zestaw | Ryzen 5 5600, RTX 5060 TI 16GB, 32GB DDR4, 1TB SSD, 600W, Exo ARGB",6399.0,Ryzen 5 5600,RTX 5060 TI 16GB,32GB DDR4,1TB SSD,600W,"https://sklep.hard-pc.pl/p20398,zestaw-ryzen-5-5600-rtx-5060-ti-16gb-32gb-ddr4-1tb-ssd-600w-exo-argb.html",https://sklep.hard-pc.pl/galerie/73/8/obudowa-krux-exo-argb-black_73874_k.jpg
Hard-PC.pl,"Zestaw | Ryzen 5 9600X, RTX 5060 8GB, 32GB DDR5, 1000GB SSD, 650W, Signum 300 ARGB",6399.0,Ryzen 5 9600X,RTX 5060 8GB,32GB DDR5,1000GB SSD,650W,"https://sklep.hard-pc.pl/p20992,zestaw-ryzen-5-9600x-rtx-5060-8gb-32gb-ddr5-1000gb-ssd-650w-signum-300-argb.html",https://sklep.hard-pc.pl/galerie/50/8/obudowa-endorfy-signum-300-ar_50864_k.jpg
Hard-PC.pl,"Zestaw | Ryzen 7 5700X, RTX 5070 12GB, 16GB DDR4, 500GB SSD, 650W, 130R PZ ARGB",6399.0,Ryzen 7 5700X,RTX 5070 12GB,16GB DDR4,500GB SSD,650W,"https://sklep.hard-pc.pl/p22725,zestaw-ryzen-7-5700x-rtx-5070-12gb-16gb-ddr4-500gb-ssd-650w-130r-pz-argb.html",https://sklep.hard-pc.pl/galerie/81/6/obudowa-msi-mag-pano-130r-pz_81680_k.jpg
Hard-PC.pl,"Zestaw | Ryzen 7 5800X, RX 9060 XT 16GB, 32GB DDR4, 1TB SSD, 850W, Signum 300 ARGB",6399.0,Ryzen 7 5800X,RX 9060 XT 16GB,32GB DDR4,1TB SSD,850W,"https://sklep.hard-pc.pl/p26451,zestaw-ryzen-7-5800x-rx-9060-xt-16gb-32gb-ddr4-1tb-ssd-850w-signum-300-argb.html",https://sklep.hard-pc.pl/galerie/50/8/obudowa-endorfy-signum-300-ar_50864_k.jpg
Hard-PC.pl,"Zestaw | Ryzen 5 7500X3D, RX 9060 XT 16GB, 16GB DDR5, 1TB SSD, 750w, Night Hunter",6438.0,Ryzen 5 7500X3D,RX 9060 XT 16GB,16GB DDR5,1TB SSD,750W,"https://sklep.hard-pc.pl/p26207,zestaw-ryzen-5-7500x3d-rx-9060-xt-16gb-16gb-ddr5-1tb-ssd-750w-night-hunter.html",https://sklep.hard-pc.pl/galerie/76/7/zestaw-ryzen-7-7700-rx-9070-1_76729_k.jpg
Hard-PC.pl,"Zestaw | Ryzen 5 7500F, RTX 5060 8GB, 32GB DDR5, 1TB SSD, 850W, Hunter 3",6439.0,Ryzen 5 7500F,RTX 5060 8GB,32GB DDR5,1TB SSD,850W,"https://sklep.hard-pc.pl/p20880,zestaw-ryzen-5-7500f-rtx-5060-8gb-32gb-ddr5-1tb-ssd-850w-hunter-3.html",https://sklep.hard-pc.pl/galerie/78/2/zestaw-ryzen-5-7600x-rtx-5070_78210_k.jpg
Hard-PC.pl,"Zestaw | Ryzen 5 9500F, RTX 5060 TI 16GB, 16GB DDR5, 500GB SSD, 650W, Hunter 2",6449.0,Ryzen 5 9500F,RTX 5060 TI 16GB,16GB DDR5,500GB SSD,650W,"https://sklep.hard-pc.pl/p22787,zestaw-ryzen-5-9500f-rtx-5060-ti-16gb-16gb-ddr5-500gb-ssd-650w-hunter-2.html",https://sklep.hard-pc.pl/galerie/81/7/zestaw-ryzen-5-7500f-rx-9060_81708_k.jpg
Hard-PC.pl,"Zestaw | Ryzen 7 5700X, RTX 5070 12GB, 16GB DDR4, 500GB SSD, 650W, ARX 700 ARGB",6499.0,Ryzen 7 5700X,RTX 5070 12GB,16GB DDR4,500GB SSD,650W,"https://sklep.hard-pc.pl/p22606,zestaw-ryzen-7-5700x-rtx-5070-12gb-16gb-ddr4-500gb-ssd-650w-arx-700-argb.html",https://sklep.hard-pc.pl/galerie/55/6/obudowa-endorfy-arx-700-argb_55620_k.jpg
Hard-PC.pl,"Zestaw | Ryzen 7500F, RTX 5060 Ti 8GB, 32GB DDR5, 1TB SSD, 650W, Signum 300 ARGB",6499.0,Ryzen 7500F,RTX 5060 Ti 8GB,32GB DDR5,1TB SSD,650W,"https://sklep.hard-pc.pl/p19691,zestaw-ryzen-7500f-rtx-5060-ti-8gb-32gb-ddr5-1tb-ssd-650w-signum-300-argb.html",https://sklep.hard-pc.pl/galerie/50/8/obudowa-endorfy-signum-300-ar_50864_k.jpg
Hard-PC.pl,"Zestaw | Ryzen 5 8400F, RTX 5060 8GB, 32GB DDR5, 1000GB SSD, 650W, Stellar 5F ARGB White",6513.0,Ryzen 5 8400F,RTX 5060 8GB,32GB DDR5,1000GB SSD,650W,"https://sklep.hard-pc.pl/p22593,zestaw-ryzen-5-8400f-rtx-5060-8gb-32gb-ddr5-1000gb-ssd-650w-stellar-5f-argb-white.html",https://sklep.hard-pc.pl/galerie/74/7/obudowa-modecom-volcano-stell_74759_k.jpg
Hard-PC.pl,"Zestaw | Ryzen 5 7500F, RTX 5060 8GB, 32GB DDR5, 1TB SSD, 850W, Pano PZ130R",6519.0,Ryzen 5 7500F,RTX 5060 8GB,32GB DDR5,1TB SSD,850W,"https://sklep.hard-pc.pl/p25254,zestaw-ryzen-5-7500f-rtx-5060-8gb-32gb-ddr5-1tb-ssd-850w-pano-pz130r.html",https://sklep.hard-pc.pl/galerie/81/6/zestaw-ryzen-9-9950x3d-rx-790_81681_k.jpg
Hard-PC.pl,"Zestaw | Ryzen 5 7500F, RX 9060 XT 16GB, 32GB DDR5, 500GB SSD, 650W, Hunter 2",6549.0,Ryzen 5 7500F,RX 9060 XT 16GB,32GB DDR5,500GB SSD,650W,"https://sklep.hard-pc.pl/p22728,zestaw-ryzen-5-7500f-rx-9060-xt-16gb-32gb-ddr5-500gb-ssd-650w-hunter-2.html",https://sklep.hard-pc.pl/galerie/81/7/zestaw-ryzen-5-7500f-rx-9060_81708_k.jpg
Hard-PC.pl,"Zestaw | Ryzen 7 7800X3D, RTX 5060 8GB, 32GB DDR5, 500GB SSD, 650W, Hunter 2",6549.0,Ryzen 7 7800X3D,RTX 5060 8GB,32GB DDR5,500GB SSD,650W,"https://sklep.hard-pc.pl/p22755,zestaw-ryzen-7-7800x3d-rtx-5060-8gb-32gb-ddr5-500gb-ssd-650w-hunter-2.html",https://sklep.hard-pc.pl/galerie/81/7/zestaw-ryzen-5-7500f-rx-9060_81708_k.jpg
Hard-PC.pl,"Zestaw | Intel Ultra 5 225F, RTX 5060 8GB, 32GB DDR5, 1TB SSD, 850W, Nadir",6559.0,Intel Ultra 5 225F,RTX 5060 8GB,32GB DDR5,1TB SSD,850W,"https://sklep.hard-pc.pl/p19423,zestaw-intel-ultra-5-225f-rtx-5060-8gb-32gb-ddr5-1tb-ssd-850w-nadir.html",https://sklep.hard-pc.pl/galerie/66/3/zestaw-intel-i5-13400f-rtx-40_66308_k.jpg
Hard-PC.pl,"Zestaw | Ryzen 5 7500X3D, RX 9060 XT 16GB, 16GB DDR5, 1TB SSD, 850W, Vako",6579.0,Ryzen 5 7500X3D,RX 9060 XT 16GB,16GB DDR5,1TB SSD,850W,"https://sklep.hard-pc.pl/p25433,zestaw-ryzen-5-7500x3d-rx-9060-xt-16gb-16gb-ddr5-1tb-ssd-850w-vako.html",https://sklep.hard-pc.pl/galerie/84/2/zestaw-ryzen-5-7500x3d-rx-906_84249_k.jpg
Hard-PC.pl,"Zestaw | Ryzen 5 7500F, RX 9060 XT 16GB, 32GB DDR5, 1TB SSD, 750W, Signum 300 ARGB",6599.0,Ryzen 5 7500F,RX 9060 XT 16GB,32GB DDR5,1TB SSD,750W,"https://sklep.hard-pc.pl/p26413,zestaw-ryzen-5-7500f-rx-9060-xt-16gb-32gb-ddr5-1tb-ssd-750w-signum-300-argb.html",https://sklep.hard-pc.pl/galerie/50/8/obudowa-endorfy-signum-300-ar_50864_k.jpg
Hard-PC.pl,"Zestaw | Ryzen 7 7800X3D, RTX 5060 8GB, 32GB DDR5, 500GB SSD, 650W, Pano 130R ARGB",6649.0,Ryzen 7 7800X3D,RTX 5060 8GB,32GB DDR5,500GB SSD,650W,"https://sklep.hard-pc.pl/p22763,zestaw-ryzen-7-7800x3d-rtx-5060-8gb-32gb-ddr5-500gb-ssd-650w-pano-130r-argb.html",https://sklep.hard-pc.pl/galerie/81/6/obudowa-msi-mag-pano-130r-pz_81680_k.jpg
Hard-PC.pl,"Zestaw | Ryzen 7 7800X3D, RTX 5050 8GB, 32GB DDR5, 1TB SSD, 600W, Signum 300 ARGB",6659.0,Ryzen 7 7800X3D,RTX 5050 8GB,32GB DDR5,1TB SSD,600W,"https://sklep.hard-pc.pl/p21155,zestaw-ryzen-7-7800x3d-rtx-5050-8gb-32gb-ddr5-1tb-ssd-600w-signum-300-argb.html",https://sklep.hard-pc.pl/galerie/50/8/obudowa-endorfy-signum-300-ar_50864_k.jpg
Hard-PC.pl,"Zestaw | Ryzen 5 7500X3D, RTX 5060 TI 16GB, 16GB DDR5, 500GB SSD, 650W, Signum 300 ARGB",6679.0,Ryzen 5 7500X3D,RTX 5060 TI 16GB,16GB DDR5,500GB SSD,650W,"https://sklep.hard-pc.pl/p22739,zestaw-ryzen-5-7500x3d-rtx-5060-ti-16gb-16gb-ddr5-500gb-ssd-650w-signum-300-argb.html",https://sklep.hard-pc.pl/galerie/50/8/obudowa-endorfy-signum-300-ar_50864_k.jpg
Hard-PC.pl,"Zestaw | Ryzen 7 7700, RTX 5060 Ti 8GB, 32GB DDR5, 1TB SSD, 650W, Signum 300 ARGB",6689.0,Ryzen 7 7700,RTX 5060 Ti 8GB,32GB DDR5,1TB SSD,650W,"https://sklep.hard-pc.pl/p19692,zestaw-ryzen-7-7700-rtx-5060-ti-8gb-32gb-ddr5-1tb-ssd-650w-signum-300-argb.html",https://sklep.hard-pc.pl/galerie/50/8/obudowa-endorfy-signum-300-ar_50864_k.jpg
Hard-PC.pl,"Zestaw | Ryzen 7 5800X, RX 9070 16GB, 32GB DDR4, 1TB SSD, 850W, Signum 300 ARGB",6699.0,Ryzen 7 5800X,RX 9070 16GB,32GB DDR4,1TB SSD,850W,"https://sklep.hard-pc.pl/p25266,zestaw-ryzen-7-5800x-rx-9070-16gb-32gb-ddr4-1tb-ssd-850w-signum-300-argb.html",https://sklep.hard-pc.pl/galerie/50/8/obudowa-endorfy-signum-300-ar_50864_k.jpg
Hard-PC.pl,"Zestaw | Ryzen 5 7500F, RTX 5060 TI 8GB, 32GB DDR5, 1TB SSD, 850W, Pano PZ130R",6729.0,Ryzen 5 7500F,RTX 5060 TI 8GB,32GB DDR5,1TB SSD,850W,"https://sklep.hard-pc.pl/p25255,zestaw-ryzen-5-7500f-rtx-5060-ti-8gb-32gb-ddr5-1tb-ssd-850w-pano-pz130r.html",https://sklep.hard-pc.pl/galerie/85/2/zestaw-ryzen-5-7500f-rtx-5060_85275_k.jpg
Hard-PC.pl,"Zestaw | Ryzen 7 7800X3D, RX 9060 XT 16GB, 16GB DDR5, 500GB SSD, 650W, Signum 300 ARGB",6729.0,Ryzen 7 7800X3D,RX 9060 XT 16GB,16GB DDR5,500GB SSD,650W,"https://sklep.hard-pc.pl/p22623,zestaw-ryzen-7-7800x3d-rx-9060-xt-16gb-16gb-ddr5-500gb-ssd-650w-signum-300-argb.html",https://sklep.hard-pc.pl/galerie/50/8/obudowa-endorfy-signum-300-ar_50864_k.jpg
Hard-PC.pl,"Zestaw | Ryzen 5 7500F, RTX 5060 TI 8GB, 32GB DDR5, 1000GB SSD, 850W, Pano 130 ARGB",6749.0,Ryzen 5 7500F,RTX 5060 TI 8GB,32GB DDR5,1000GB SSD,850W,"https://sklep.hard-pc.pl/p26328,zestaw-ryzen-5-7500f-rtx-5060-ti-8gb-32gb-ddr5-1000gb-ssd-850w-pano-130-argb.html",https://sklep.hard-pc.pl/galerie/81/6/zestaw-ryzen-9-9950x3d-rx-790_81681_k.jpg
Hard-PC.pl,"Zestaw | Ryzen 5 9600X, RTX 5060 8GB, 32GB DDR5, 1TB SSD, 750W, Breeze ARGB",6759.0,Ryzen 5 9600X,RTX 5060 8GB,32GB DDR5,1TB SSD,750W,"https://sklep.hard-pc.pl/p26013,zestaw-ryzen-5-9600x-rtx-5060-8gb-32gb-ddr5-1tb-ssd-750w-breeze-argb.html",https://sklep.hard-pc.pl/galerie/62/8/obudowa-modecom-breeze-argb-f_62845_k.jpg
Hard-PC.pl,"Zestaw | Ryzen 5 7500X3D, RTX 5060 TI 16GB, 16GB DDR5, 500GB SSD, 650W, Fornax 4000 ARGB",6769.0,Ryzen 5 7500X3D,RTX 5060 TI 16GB,16GB DDR5,500GB SSD,650W,"https://sklep.hard-pc.pl/p26211,zestaw-ryzen-5-7500x3d-rtx-5060-ti-16gb-16gb-ddr5-500gb-ssd-650w-fornax-4000-argb.html",https://sklep.hard-pc.pl/galerie/86/5/zestaw-ryzen-7-5700x-rtx-5060_86567_k.jpg
Hard-PC.pl,"Zestaw | Ryzen 5 7500X3D, RTX 5060 TI 16GB, 16GB DDR5, 500GB SSD, 650W, Pano 130R ARGB",6779.0,Ryzen 5 7500X3D,RTX 5060 TI 16GB,16GB DDR5,500GB SSD,650W,"https://sklep.hard-pc.pl/p22846,zestaw-ryzen-5-7500x3d-rtx-5060-ti-16gb-16gb-ddr5-500gb-ssd-650w-pano-130r-argb.html",https://sklep.hard-pc.pl/galerie/81/6/obudowa-msi-mag-pano-130r-pz_81680_k.jpg
Hard-PC.pl,"Zestaw | Ryzen 5 8400F, RX 9060 XT 16GB , 32GB DDR5, 1TB SSD, 650W, Signum 300 ARGB",6779.0,Ryzen 5 8400F,RX 9060 XT 16GB,32GB DDR5,1TB SSD,650W,"https://sklep.hard-pc.pl/p20665,zestaw-ryzen-5-8400f-rx-9060-xt-16gb-32gb-ddr5-1tb-ssd-650w-signum-300-argb.html",https://sklep.hard-pc.pl/galerie/50/8/obudowa-endorfy-signum-300-ar_50864_k.jpg
Hard-PC.pl,"Zestaw | Ryzen 7 5800X, RTX 5060 Ti 16GB, 32GB DDR4, 1TB SSD, 600W, Signum 300 ARGB",6789.0,Ryzen 7 5800X,RTX 5060 Ti 16GB,32GB DDR4,1TB SSD,600W,"https://sklep.hard-pc.pl/p25264,zestaw-ryzen-7-5800x-rtx-5060-ti-16gb-32gb-ddr4-1tb-ssd-600w-signum-300-argb.html",https://sklep.hard-pc.pl/galerie/50/8/obudowa-endorfy-signum-300-ar_50864_k.jpg
Hard-PC.pl,"Zestaw | Ryzen 5 7500F, RX 9060 XT 16GB, 32GB DDR5, 500GB SSD, 650W, Hunter 2",6849.0,Ryzen 5 7500F,RX 9060 XT 16GB,32GB DDR5,500GB SSD,650W,"https://sklep.hard-pc.pl/p22639,zestaw-ryzen-5-7500f-rx-9060-xt-16gb-32gb-ddr5-500gb-ssd-650w-hunter-2.html",https://sklep.hard-pc.pl/galerie/81/7/zestaw-ryzen-5-7500f-rx-9060_81708_k.jpg
Hard-PC.pl,"Zestaw | Ryzen 5 8400F, RTX 5070 12GB, 16GB DDR5, 1TB SSD, 700W, Signum 300 ARGB",6849.0,Ryzen 5 8400F,RTX 5070 12GB,16GB DDR5,1TB SSD,700W,"https://sklep.hard-pc.pl/p25294,zestaw-ryzen-5-8400f-rtx-5070-12gb-16gb-ddr5-1tb-ssd-700w-signum-300-argb.html",https://sklep.hard-pc.pl/galerie/50/8/obudowa-endorfy-signum-300-ar_50864_k.jpg
Hard-PC.pl,"Zestaw | Ryzen 5 9500F, RX 9060 XT 16GB, 32GB DDR5, 500GB SSD, 650W, Hunter 2",6849.0,Ryzen 5 9500F,RX 9060 XT 16GB,32GB DDR5,500GB SSD,650W,"https://sklep.hard-pc.pl/p22782,zestaw-ryzen-5-9500f-rx-9060-xt-16gb-32gb-ddr5-500gb-ssd-650w-hunter-2.html",https://sklep.hard-pc.pl/galerie/81/7/zestaw-ryzen-5-7500f-rx-9060_81708_k.jpg
Hard-PC.pl,"Zestaw | Ryzen 5 7500F, RTX 5060 Ti 8GB, 32GB DDR5, 1TB SSD, 850W, Pano 130 ARGB",6859.0,Ryzen 5 7500F,RTX 5060 Ti 8GB,32GB DDR5,1TB SSD,850W,"https://sklep.hard-pc.pl/p25443,zestaw-ryzen-5-7500f-rtx-5060-ti-8gb-32gb-ddr5-1tb-ssd-850w-pano-130-argb.html",https://sklep.hard-pc.pl/galerie/81/6/zestaw-ryzen-9-9950x3d-rx-790_81681_k.jpg
Hard-PC.pl,"Zestaw Redragon | Ryzen 5 7500F, RX 9060 XT 16GB, 32GB DDR5, 1TB SSD, 850W, GC 623 ARGB",6889.0,Ryzen 5 7500F,RX 9060 XT 16GB,32GB DDR5,1TB SSD,850W,"https://sklep.hard-pc.pl/p25991,zestaw-redragon-ryzen-5-7500f-rx-9060-xt-16gb-32gb-ddr5-1tb-ssd-850w-gc-623-argb.html",https://sklep.hard-pc.pl/galerie/78/0/obudowa-redragon-gc-623-pro-e_78076_k.jpg
Hard-PC.pl,"Zestaw | Ryzen 5 7500F, RX 9060 XT 16GB, 32GB DDR5, 1TB SSD, 750W, EXO ARGB",6899.0,Ryzen 5 7500F,RX 9060 XT 16GB,32GB DDR5,1TB SSD,750W,"https://sklep.hard-pc.pl/p26065,zestaw-ryzen-5-7500f-rx-9060-xt-16gb-32gb-ddr5-1tb-ssd-750w-exo-argb.html",https://sklep.hard-pc.pl/galerie/73/8/obudowa-krux-exo-argb-black_73874_k.jpg
Hard-PC.pl,"Zestaw | Ryzen 5 8400F, RX 9060 XT 16GB , 32GB DDR5, 1TB SSD, 650W, Signum 300 ARGB",6899.0,Ryzen 5 8400F,RX 9060 XT 16GB,32GB DDR5,1TB SSD,650W,"https://sklep.hard-pc.pl/p26189,zestaw-ryzen-5-8400f-rx-9060-xt-16gb-32gb-ddr5-1tb-ssd-650w-signum-300-argb.html",https://sklep.hard-pc.pl/galerie/50/8/obudowa-endorfy-signum-300-ar_50864_k.jpg
Hard-PC.pl,"Zestaw | Ryzen 5 7500F, RTX 5070 12GB, 16GB DDR5, 500GB SSD, 650W, Hunter 2",6909.0,Ryzen 5 7500F,RTX 5070 12GB,16GB DDR5,500GB SSD,650W,"https://sklep.hard-pc.pl/p22734,zestaw-ryzen-5-7500f-rtx-5070-12gb-16gb-ddr5-500gb-ssd-650w-hunter-2.html",https://sklep.hard-pc.pl/galerie/85/0/zestaw-ryzen-5-7500f-rtx-5070_85081_k.jpg
Hard-PC.pl,"Zestaw Redragon | Ryzen 5 7500F, RTX 5060 Ti 8GB, 32GB DDR5, 1TB SSD, 850W, GC 625 ARGB",6919.0,Ryzen 5 7500F,RTX 5060 Ti 8GB,32GB DDR5,1TB SSD,850W,"https://sklep.hard-pc.pl/p25994,zestaw-redragon-ryzen-5-7500f-rtx-5060-ti-8gb-32gb-ddr5-1tb-ssd-850w-gc-625-argb.html",https://sklep.hard-pc.pl/galerie/78/0/obudowa-redragon-gc-625-pro-v_78077_k.jpg
Hard-PC.pl,"Zestaw Redragon | Ryzen 7500F, RTX 5060 Ti 8GB, 32GB DDR5, 1TB SSD, 850W, GC 623 Evo ARGB",6919.0,Ryzen 7500F,RTX 5060 Ti 8GB,32GB DDR5,1TB SSD,850W,"https://sklep.hard-pc.pl/p25986,zestaw-redragon-ryzen-7500f-rtx-5060-ti-8gb-32gb-ddr5-1tb-ssd-850w-gc-623-evo-argb.html",https://sklep.hard-pc.pl/galerie/78/0/obudowa-redragon-gc-623-pro-e_78076_k.jpg
Hard-PC.pl,"Zestaw | Ryzen 5 7500X3D, RX 9060 XT 16GB, 32GB DDR5, 500GB SSD, 650W, Signum 300 ARGB",6919.0,Ryzen 5 7500X3D,RX 9060 XT 16GB,32GB DDR5,500GB SSD,650W,"https://sklep.hard-pc.pl/p22745,zestaw-ryzen-5-7500x3d-rx-9060-xt-16gb-32gb-ddr5-500gb-ssd-650w-signum-300-argb.html",https://sklep.hard-pc.pl/galerie/50/8/obudowa-endorfy-signum-300-ar_50864_k.jpg
Hard-PC.pl,"Zestaw Redragon | Ryzen 5 7500F, RX 9060 XT 16GB, 32GB DDR5, 1TB SSD, 850W, GC 625 ARGB",6939.0,Ryzen 5 7500F,RX 9060 XT 16GB,32GB DDR5,1TB SSD,850W,"https://sklep.hard-pc.pl/p25999,zestaw-redragon-ryzen-5-7500f-rx-9060-xt-16gb-32gb-ddr5-1tb-ssd-850w-gc-625-argb.html",https://sklep.hard-pc.pl/galerie/78/0/obudowa-redragon-gc-625-pro-v_78077_k.jpg
Hard-PC.pl,"Zestaw | Ryzen 5 7500F, RX 9060 XT 16GB, 32GB DDR5, 1TB SSD, 850W, CC560 ARGB",6949.0,Ryzen 5 7500F,RX 9060 XT 16GB,32GB DDR5,1TB SSD,850W,"https://sklep.hard-pc.pl/p25530,zestaw-ryzen-5-7500f-rx-9060-xt-16gb-32gb-ddr5-1tb-ssd-850w-cc560-argb.html",https://sklep.hard-pc.pl/galerie/65/2/obudowa-deepcool-cc560-argb-v_65247_k.jpg
Hard-PC.pl,"Zestaw | Ryzen 5 8400F, RX 9060 XT 16GB, 32GB DDR5, 1TB SSD, 650W, Exo ARGB",6949.0,Ryzen 5 8400F,RX 9060 XT 16GB,32GB DDR5,1TB SSD,650W,"https://sklep.hard-pc.pl/p20262,zestaw-ryzen-5-8400f-rx-9060-xt-16gb-32gb-ddr5-1tb-ssd-650w-exo-argb.html",https://sklep.hard-pc.pl/galerie/73/8/obudowa-krux-exo-argb-black_73874_k.jpg
Hard-PC.pl,"Zestaw | Ryzen 5 8400F, RX 9060 XT 16GB, 32GB DDR5, 1TB SSD, 650W, Signum 300 ARGB",6949.0,Ryzen 5 8400F,RX 9060 XT 16GB,32GB DDR5,1TB SSD,650W,"https://sklep.hard-pc.pl/p20666,zestaw-ryzen-5-8400f-rx-9060-xt-16gb-32gb-ddr5-1tb-ssd-650w-signum-300-argb.html",https://sklep.hard-pc.pl/galerie/50/8/obudowa-endorfy-signum-300-ar_50864_k.jpg
Hard-PC.pl,"Zestaw | Ryzen 7 7800X3D, RTX 5060 TI 16GB, 16GB DDR5, 500GB SSD, 650W, Hunter 2",6949.0,Ryzen 7 7800X3D,RTX 5060 TI 16GB,16GB DDR5,500GB SSD,650W,"https://sklep.hard-pc.pl/p22761,zestaw-ryzen-7-7800x3d-rtx-5060-ti-16gb-16gb-ddr5-500gb-ssd-650w-hunter-2.html",https://sklep.hard-pc.pl/galerie/81/7/zestaw-ryzen-5-7500f-rx-9060_81708_k.jpg
Hard-PC.pl,"Zestaw | Intel Ultra 5 250KF Plus, RTX 5060 Ti 8GB, 16GB DDR5, 500GB SSD, 850W, Pano 130 ARGB",6999.0,Intel Ultra 5 250KF Plus,RTX 5060 Ti 8GB,16GB DDR5,500GB SSD,850W,"https://sklep.hard-pc.pl/p24429,zestaw-intel-ultra-5-250kf-plus-rtx-5060-ti-8gb-16gb-ddr5-500gb-ssd-850w-pano-130-argb.html",https://sklep.hard-pc.pl/galerie/81/6/zestaw-ryzen-9-9950x3d-rx-790_81681_k.jpg
Hard-PC.pl,"Zestaw | Ryzen 5 7500F, RX 9060 XT 16GB, 32GB DDR5, 1TB SSD, 650W, Signum 300 ARGB",6999.0,Ryzen 5 7500F,RX 9060 XT 16GB,32GB DDR5,1TB SSD,650W,"https://sklep.hard-pc.pl/p20255,zestaw-ryzen-5-7500f-rx-9060-xt-16gb-32gb-ddr5-1tb-ssd-650w-signum-300-argb.html",https://sklep.hard-pc.pl/galerie/50/8/obudowa-endorfy-signum-300-ar_50864_k.jpg
Hard-PC.pl,"Zestaw | Ryzen 5 7500F, RX 9070 XT 16GB, 16GB DDR5, 500GB SSD, 850W, ARX 700 ARGB",6999.0,Ryzen 5 7500F,RX 9070 XT 16GB,16GB DDR5,500GB SSD,850W,"https://sklep.hard-pc.pl/p26442,zestaw-ryzen-5-7500f-rx-9070-xt-16gb-16gb-ddr5-500gb-ssd-850w-arx-700-argb.html",https://sklep.hard-pc.pl/galerie/55/6/obudowa-endorfy-arx-700-argb_55620_k.jpg
Hard-PC.pl,"Zestaw | Ryzen 7 5700X, RTX 5070 12GB, 32GB DDR4, 1TB SSD, 850W, Hunter 3 ARGB",6999.0,Ryzen 7 5700X,RTX 5070 12GB,32GB DDR4,1TB SSD,850W,"https://sklep.hard-pc.pl/p25424,zestaw-ryzen-7-5700x-rtx-5070-12gb-32gb-ddr4-1tb-ssd-850w-hunter-3-argb.html",https://sklep.hard-pc.pl/galerie/78/2/zestaw-ryzen-5-7600x-rtx-5070_78210_k.jpg
Hard-PC.pl,"Zestaw | Ryzen 7 7800X3D, RTX 5060 TI 16GB, 16GB DDR5, 500GB SSD, 650W, Pano 130R ARGB",6999.0,Ryzen 7 7800X3D,RTX 5060 TI 16GB,16GB DDR5,500GB SSD,650W,"https://sklep.hard-pc.pl/p22769,zestaw-ryzen-7-7800x3d-rtx-5060-ti-16gb-16gb-ddr5-500gb-ssd-650w-pano-130r-argb.html",https://sklep.hard-pc.pl/galerie/81/6/obudowa-msi-mag-pano-130r-pz_81680_k.jpg
Hard-PC.pl,"Zestaw | Ryzen 7 7800X3D, RTX 5060 TI 16GB, 16GB DDR5, 500GB SSD, 650W, Signum 300 ARGB",6999.0,Ryzen 7 7800X3D,RTX 5060 TI 16GB,16GB DDR5,500GB SSD,650W,"https://sklep.hard-pc.pl/p22622,zestaw-ryzen-7-7800x3d-rtx-5060-ti-16gb-16gb-ddr5-500gb-ssd-650w-signum-300-argb.html",https://sklep.hard-pc.pl/galerie/50/8/obudowa-endorfy-signum-300-ar_50864_k.jpg
Hard-PC.pl,"Zestaw | Ryzen 5 7500X3D, RX 9060 XT 16GB, 32GB DDR5, 500GB SSD, 650W, PANO 130R ARGB",7029.0,Ryzen 5 7500X3D,RX 9060 XT 16GB,32GB DDR5,500GB SSD,650W,"https://sklep.hard-pc.pl/p22772,zestaw-ryzen-5-7500x3d-rx-9060-xt-16gb-32gb-ddr5-500gb-ssd-650w-pano-130r-argb.html",https://sklep.hard-pc.pl/galerie/81/6/obudowa-msi-mag-pano-130r-pz_81680_k.jpg
Hard-PC.pl,"Zestaw | Ryzen 5 7500F, RX 9060 XT 16GB, 32GB DDR5, 1TB SSD, 750W, Signum 300 ARGB",7049.0,Ryzen 5 7500F,RX 9060 XT 16GB,32GB DDR5,1TB SSD,750W,"https://sklep.hard-pc.pl/p26018,zestaw-ryzen-5-7500f-rx-9060-xt-16gb-32gb-ddr5-1tb-ssd-750w-signum-300-argb.html",https://sklep.hard-pc.pl/galerie/50/8/obudowa-endorfy-signum-300-ar_50864_k.jpg
Hard-PC.pl,"Zestaw | Ryzen 5 8400F, RX 9060 XT 16GB, 32GB DDR5, 1TB SSD, 650W, Signum 300 ARGB",7049.0,Ryzen 5 8400F,RX 9060 XT 16GB,32GB DDR5,1TB SSD,650W,"https://sklep.hard-pc.pl/p20256,zestaw-ryzen-5-8400f-rx-9060-xt-16gb-32gb-ddr5-1tb-ssd-650w-signum-300-argb.html",https://sklep.hard-pc.pl/galerie/50/8/obudowa-endorfy-signum-300-ar_50864_k.jpg
Hard-PC.pl,"Zestaw | Ryzen 5 9500F, RTX 5070 12GB, 16GB DDR5, 500GB SSD, 650W, Hunter 2",7049.0,Ryzen 5 9500F,RTX 5070 12GB,16GB DDR5,500GB SSD,650W,"https://sklep.hard-pc.pl/p22788,zestaw-ryzen-5-9500f-rtx-5070-12gb-16gb-ddr5-500gb-ssd-650w-hunter-2.html",https://sklep.hard-pc.pl/galerie/81/7/zestaw-ryzen-5-7500f-rx-9060_81708_k.jpg
Hard-PC.pl,"Zestaw | Ryzen 5 7500F, RX 9060 XT 16GB, 32GB DDR5, 1TB SSD, 650W, Signum 300 ARGB",7089.0,Ryzen 5 7500F,RX 9060 XT 16GB,32GB DDR5,1TB SSD,650W,"https://sklep.hard-pc.pl/p21045,zestaw-ryzen-5-7500f-rx-9060-xt-16gb-32gb-ddr5-1tb-ssd-650w-signum-300-argb.html",https://sklep.hard-pc.pl/galerie/50/8/obudowa-endorfy-signum-300-ar_50864_k.jpg
Hard-PC.pl,"Zestaw | Ryzen 5 7500X3D, RTX 5060 Ti 8GB, 32GB DDR5, 1TB SSD, 850W, Hunter 3 RGB",7089.0,Ryzen 5 7500X3D,RTX 5060 Ti 8GB,32GB DDR5,1TB SSD,850W,"https://sklep.hard-pc.pl/p25419,zestaw-ryzen-5-7500x3d-rtx-5060-ti-8gb-32gb-ddr5-1tb-ssd-850w-hunter-3-rgb.html",https://sklep.hard-pc.pl/galerie/78/2/zestaw-ryzen-5-7600x-rtx-5070_78210_k.jpg
Hard-PC.pl,"Zestaw | Ryzen 5 7500F, RX 9060 XT 16GB, 32GB DDR5, 1TB SSD, 750W, Signum 300 ARGB",7099.0,Ryzen 5 7500F,RX 9060 XT 16GB,32GB DDR5,1TB SSD,750W,"https://sklep.hard-pc.pl/p26088,zestaw-ryzen-5-7500f-rx-9060-xt-16gb-32gb-ddr5-1tb-ssd-750w-signum-300-argb.html",https://sklep.hard-pc.pl/galerie/50/8/obudowa-endorfy-signum-300-ar_50864_k.jpg
Hard-PC.pl,"Zestaw | Ryzen 5 7500F, RX 9060 XT 16GB, 32GB DDR5, 1TB SSD, 650W, Signum 300 ARGB",7109.0,Ryzen 5 7500F,RX 9060 XT 16GB,32GB DDR5,1TB SSD,650W,"https://sklep.hard-pc.pl/p21078,zestaw-ryzen-5-7500f-rx-9060-xt-16gb-32gb-ddr5-1tb-ssd-650w-signum-300-argb.html",https://sklep.hard-pc.pl/galerie/50/8/obudowa-endorfy-signum-300-ar_50864_k.jpg
Hard-PC.pl,"Zestaw | Ryzen 5 7500F, RX 9060 XT 16GB, 32GB DDR5, 1TB SSD, 650W, Phanteks XT View D-RGB",7139.0,Ryzen 5 7500F,RX 9060 XT 16GB,32GB DDR5,1TB SSD,650W,"https://sklep.hard-pc.pl/p21413,zestaw-ryzen-5-7500f-rx-9060-xt-16gb-32gb-ddr5-1tb-ssd-650w-phanteks-xt-view-d-rgb.html",https://sklep.hard-pc.pl/galerie/63/0/obudowa-phanteks-xt-view-d-rg_63010_k.jpg
Hard-PC.pl,"Zestaw | Ryzen 5 7500F, RX 9060 XT 16GB, 32GB DDR5, 1TB SSD, 650W, ARX 700 ARGB",7149.0,Ryzen 5 7500F,RX 9060 XT 16GB,32GB DDR5,1TB SSD,650W,"https://sklep.hard-pc.pl/p20746,zestaw-ryzen-5-7500f-rx-9060-xt-16gb-32gb-ddr5-1tb-ssd-650w-arx-700-argb.html",https://sklep.hard-pc.pl/galerie/55/6/obudowa-endorfy-arx-700-argb_55620_k.jpg
Hard-PC.pl,"Zestaw | Ryzen 5 8400F, RTX 5060 Ti 16GB, 32GB DDR5, 512GB SSD, 650W, CC560",7149.0,Ryzen 5 8400F,RTX 5060 Ti 16GB,32GB DDR5,512GB SSD,650W,"https://sklep.hard-pc.pl/p21381,zestaw-ryzen-5-8400f-rtx-5060-ti-16gb-32gb-ddr5-512gb-ssd-650w-cc560.html",https://sklep.hard-pc.pl/galerie/65/2/obudowa-deepcool-cc560-v2-mid_65227_k.jpg
Hard-PC.pl,"Zestaw | Ryzen 5 7500F, RTX 5060 TI 16GB, 32GB DDR5, 500GB SSD, 650W, Hunter 2",7159.0,Ryzen 5 7500F,RTX 5060 TI 16GB,32GB DDR5,500GB SSD,650W,"https://sklep.hard-pc.pl/p22729,zestaw-ryzen-5-7500f-rtx-5060-ti-16gb-32gb-ddr5-500gb-ssd-650w-hunter-2.html",https://sklep.hard-pc.pl/galerie/81/7/zestaw-ryzen-5-7500f-rx-9060_81708_k.jpg
Hard-PC.pl,"Zestaw | Ryzen 5 7500F, RX 9060 XT 16GB, 32GB DDR5, 1TB SSD, 650W, ARX 700 ARGB",7179.0,Ryzen 5 7500F,RX 9060 XT 16GB,32GB DDR5,1TB SSD,650W,"https://sklep.hard-pc.pl/p22435,zestaw-ryzen-5-7500f-rx-9060-xt-16gb-32gb-ddr5-1tb-ssd-650w-arx-700-argb.html",https://sklep.hard-pc.pl/galerie/55/6/obudowa-endorfy-arx-700-argb_55620_k.jpg
Hard-PC.pl,"Zestaw | Intel Ultra 5 245KF, RTX 5070 12GB, 16GB DDR5, 512GB SSD, 650W, Hunter 2 ARGB",7189.0,Intel Ultra 5 245KF,RTX 5070 12GB,16GB DDR5,512GB SSD,650W,"https://sklep.hard-pc.pl/p22817,zestaw-intel-ultra-5-245kf-rtx-5070-12gb-16gb-ddr5-512gb-ssd-650w-hunter-2-argb.html",https://sklep.hard-pc.pl/galerie/81/7/zestaw-ryzen-5-7500f-rx-9060_81708_k.jpg
Hard-PC.pl,"Zestaw | Ryzen 5 7500F, RX 9060 XT 16GB, 32GB DDR5, 1TB SSD, 650W, Exo ARGB",7189.0,Ryzen 5 7500F,RX 9060 XT 16GB,32GB DDR5,1TB SSD,650W,"https://sklep.hard-pc.pl/p21252,zestaw-ryzen-5-7500f-rx-9060-xt-16gb-32gb-ddr5-1tb-ssd-650w-exo-argb.html",https://sklep.hard-pc.pl/galerie/74/7/obudowa-krux-exo-argb-white_74764_k.jpg
Hard-PC.pl,"Zestaw | Ryzen 7 7700, RX 7700 XT 12GB, 32GB DDR5, 2TB SSD, 850W, Ventum 200 Solid",7189.0,Ryzen 7 7700,RX 7700 XT 12GB,32GB DDR5,2TB SSD,850W,"https://sklep.hard-pc.pl/p19716,zestaw-ryzen-7-7700-rx-7700-xt-12gb-32gb-ddr5-2tb-ssd-850w-ventum-200-solid.html",https://sklep.hard-pc.pl/galerie/52/5/obudowa-endorfy-ventum-200-so_52514_k.jpg
Hard-PC.pl,"Zestaw | Ryzen 5 7600, RX 7700 XT 12GB, 2TB SSD, 32GB DDR5, 650W, MSI 112R",7199.0,Ryzen 5 7600,RX 7700 XT 12GB,32GB DDR5,2TB SSD,650W,"https://sklep.hard-pc.pl/p17035,zestaw-ryzen-5-7600-rx-7700-xt-12gb-2tb-ssd-32gb-ddr5-650w-msi-112r.html",https://sklep.hard-pc.pl/galerie/54/8/obudowa-msi-mag-forge-112r-ar_54834_k.jpg
Hard-PC.pl,"Zestaw | Ryzen 5 9500F, RTX 5060 Ti 16GB, 32GB DDR5, 750W, Signum 300 ARGB",7199.0,Ryzen 5 9500F,RTX 5060 Ti 16GB,32GB DDR5,,750W,"https://sklep.hard-pc.pl/p26383,zestaw-ryzen-5-9500f-rtx-5060-ti-16gb-32gb-ddr5-750w-signum-300-argb.html",https://sklep.hard-pc.pl/galerie/50/8/obudowa-endorfy-signum-300-ar_50864_k.jpg
Hard-PC.pl,"Zestaw | Ryzen 7 7700, RX 9060 XT 16GB, 32GB DDR5, 1TB SSD, 850W, Night Hunter",7199.0,Ryzen 7 7700,RX 9060 XT 16GB,32GB DDR5,1TB SSD,850W,"https://sklep.hard-pc.pl/p26134,zestaw-ryzen-7-7700-rx-9060-xt-16gb-32gb-ddr5-1tb-ssd-850w-night-hunter.html",https://sklep.hard-pc.pl/galerie/76/7/zestaw-ryzen-7-7700-rx-9070-1_76729_k.jpg
Hard-PC.pl,"Zestaw | Ryzen 5 7500F, RTX 5070 12GB, 16GB DDR5, 1TB SSD, 650W, Signum 300 ARGB",7209.0,Ryzen 5 7500F,RTX 5070 12GB,16GB DDR5,1TB SSD,650W,"https://sklep.hard-pc.pl/p26011,zestaw-ryzen-5-7500f-rtx-5070-12gb-16gb-ddr5-1tb-ssd-650w-signum-300-argb.html",https://sklep.hard-pc.pl/galerie/50/8/obudowa-endorfy-signum-300-ar_50864_k.jpg
Hard-PC.pl,"Zestaw | Ryzen 5 7500F, RTX 5070 12GB, 16GB DDR5, 1TB SSD, 850W, Hunter 2",7249.0,Ryzen 5 7500F,RTX 5070 12GB,16GB DDR5,1TB SSD,850W,"https://sklep.hard-pc.pl/p25440,zestaw-ryzen-5-7500f-rtx-5070-12gb-16gb-ddr5-1tb-ssd-850w-hunter-2.html",https://sklep.hard-pc.pl/galerie/81/7/zestaw-ryzen-5-7500f-rx-9060_81708_k.jpg
Hard-PC.pl,"Zestaw | Ryzen 5 7500F, RX 9060 XT 16GB, 32GB DDR5, 1TB SSD, 650W, Exo ARGB",7289.0,Ryzen 5 7500F,RX 9060 XT 16GB,32GB DDR5,1TB SSD,650W,"https://sklep.hard-pc.pl/p20261,zestaw-ryzen-5-7500f-rx-9060-xt-16gb-32gb-ddr5-1tb-ssd-650w-exo-argb.html",https://sklep.hard-pc.pl/galerie/73/8/obudowa-krux-exo-argb-black_73874_k.jpg
Hard-PC.pl,"Zestaw | Ryzen 5 7500F, RX 9060 XT 16GB, 1TB SSD, 32GB DDR5, 650W, AG400 WH",7299.0,Ryzen 5 7500F,RX 9060 XT 16GB,32GB DDR5,1TB SSD,650W,"https://sklep.hard-pc.pl/p22452,zestaw-ryzen-5-7500f-rx-9060-xt-16gb-1tb-ssd-32gb-ddr5-650w-ag400-wh.html",https://sklep.hard-pc.pl/galerie/77/5/obudowa-lian-li-vector-v100-r_77533_k.jpg
Hard-PC.pl,"Zestaw | Ryzen 5 7500F, RX 9060 XT 16GB, 32GB DDR5, 1TB SSD, 650W, ARX 700 ARGB",7299.0,Ryzen 5 7500F,RX 9060 XT 16GB,32GB DDR5,1TB SSD,650W,"https://sklep.hard-pc.pl/p20895,zestaw-ryzen-5-7500f-rx-9060-xt-16gb-32gb-ddr5-1tb-ssd-650w-arx-700-argb.html",https://sklep.hard-pc.pl/galerie/55/6/obudowa-endorfy-arx-700-argb_55620_k.jpg
Hard-PC.pl,"Zestaw | Ryzen 7 7800X3D, RTX 5060 8GB, 32GB DDR5, 1TB SSD, 650W, Nadir",7299.0,Ryzen 7 7800X3D,RTX 5060 8GB,32GB DDR5,1TB SSD,650W,"https://sklep.hard-pc.pl/p19992,zestaw-ryzen-7-7800x3d-rtx-5060-8gb-32gb-ddr5-1tb-ssd-650w-nadir.html",https://sklep.hard-pc.pl/galerie/66/3/zestaw-intel-i5-13400f-rtx-40_66308_k.jpg
Hard-PC.pl,"Zestaw | Ryzen 5 8400F, RTX 5060 Ti 16GB, 32GB DDR5, 1TB SSD, 650W, Signum 300 ARGB",7309.0,Ryzen 5 8400F,RTX 5060 Ti 16GB,32GB DDR5,1TB SSD,650W,"https://sklep.hard-pc.pl/p21044,zestaw-ryzen-5-8400f-rtx-5060-ti-16gb-32gb-ddr5-1tb-ssd-650w-signum-300-argb.html",https://sklep.hard-pc.pl/galerie/50/8/obudowa-endorfy-signum-300-ar_50864_k.jpg
Hard-PC.pl,"Zestaw | Ryzen 5 7500F, RX 9060 XT 16GB, 32GB DDR5, 1TB SSD, 650W, Stellar 5F ARGB",7319.0,Ryzen 5 7500F,RX 9060 XT 16GB,32GB DDR5,1TB SSD,650W,"https://sklep.hard-pc.pl/p21023,zestaw-ryzen-5-7500f-rx-9060-xt-16gb-32gb-ddr5-1tb-ssd-650w-stellar-5f-argb.html",https://sklep.hard-pc.pl/galerie/74/7/obudowa-modecom-volcano-stell_74745_k.jpg
Hard-PC.pl,"Zestaw | Ryzen 5 7500F, RX 9060 XT 16GB, 32GB DDR5, 1TB SSD, 650W, Signum 300 ARGB",7339.0,Ryzen 5 7500F,RX 9060 XT 16GB,32GB DDR5,1TB SSD,650W,"https://sklep.hard-pc.pl/p26419,zestaw-ryzen-5-7500f-rx-9060-xt-16gb-32gb-ddr5-1tb-ssd-650w-signum-300-argb.html",https://sklep.hard-pc.pl/galerie/50/8/obudowa-endorfy-signum-300-ar_50864_k.jpg
Hard-PC.pl,"Zestaw | Ryzen 5 7500F, RTX 5060 Ti 16GB, 32GB DDR5, 1TB SSD, 650W, CC560 ARGB",7349.0,Ryzen 5 7500F,RTX 5060 Ti 16GB,32GB DDR5,1TB SSD,650W,"https://sklep.hard-pc.pl/p20055,zestaw-ryzen-5-7500f-rtx-5060-ti-16gb-32gb-ddr5-1tb-ssd-650w-cc560-argb.html",https://sklep.hard-pc.pl/galerie/65/2/obudowa-deepcool-cc560-argb-v_65247_k.jpg
Hard-PC.pl,"Zestaw | Ryzen 7 7700, RX 9060 XT 16GB, 32GB DDR5, 1TB SSD, 650W, Signum 300 ARGB",7349.0,Ryzen 7 7700,RX 9060 XT 16GB,32GB DDR5,1TB SSD,650W,"https://sklep.hard-pc.pl/p20259,zestaw-ryzen-7-7700-rx-9060-xt-16gb-32gb-ddr5-1tb-ssd-650w-signum-300-argb.html",https://sklep.hard-pc.pl/galerie/50/8/obudowa-endorfy-signum-300-ar_50864_k.jpg
Hard-PC.pl,"Zestaw | Ryzen 7 7800X3D, RX 9060 XT 16GB, 32GB DDR5, 500GB SSD, 650W, Pano 130R ARGB",7349.0,Ryzen 7 7800X3D,RX 9060 XT 16GB,32GB DDR5,500GB SSD,650W,"https://sklep.hard-pc.pl/p22764,zestaw-ryzen-7-7800x3d-rx-9060-xt-16gb-32gb-ddr5-500gb-ssd-650w-pano-130r-argb.html",https://sklep.hard-pc.pl/galerie/81/6/obudowa-msi-mag-pano-130r-pz_81680_k.jpg
Hard-PC.pl,"Zestaw | Ryzen 7500F, RTX 5060 Ti 16GB, 32GB DDR5, 1TB SSD, 650W, Signum 300 ARGB",7349.0,Ryzen 7500F,RTX 5060 Ti 16GB,32GB DDR5,1TB SSD,650W,"https://sklep.hard-pc.pl/p19702,zestaw-ryzen-7500f-rtx-5060-ti-16gb-32gb-ddr5-1tb-ssd-650w-signum-300-argb.html",https://sklep.hard-pc.pl/galerie/50/8/obudowa-endorfy-signum-300-ar_50864_k.jpg
Hard-PC.pl,"Zestaw | Ryzen 5 7500F, RX 9060 XT 16GB, 32GB DDR5, 1TB SSD, 650W, Night Hunter",7359.0,Ryzen 5 7500F,RX 9060 XT 16GB,32GB DDR5,1TB SSD,650W,"https://sklep.hard-pc.pl/p20762,zestaw-ryzen-5-7500f-rx-9060-xt-16gb-32gb-ddr5-1tb-ssd-650w-night-hunter.html",https://sklep.hard-pc.pl/galerie/76/7/zestaw-ryzen-7-7700-rx-9070-1_76729_k.jpg
Hard-PC.pl,"Zestaw | Ryzen 5 7500X3D, RTX 5070 12GB, 16GB DDR5, 500GB SSD, 650W, Signum 300 ARGB",7369.0,Ryzen 5 7500X3D,RTX 5070 12GB,16GB DDR5,500GB SSD,650W,"https://sklep.hard-pc.pl/p22741,zestaw-ryzen-5-7500x3d-rtx-5070-12gb-16gb-ddr5-500gb-ssd-650w-signum-300-argb.html",https://sklep.hard-pc.pl/galerie/50/8/obudowa-endorfy-signum-300-ar_50864_k.jpg
Hard-PC.pl,"Zestaw | Ryzen 7 7700, RX 9060 XT 16GB, 32GB DDR5, 500GB SSD, 650W, Nadir",7369.0,Ryzen 7 7700,RX 9060 XT 16GB,32GB DDR5,500GB SSD,650W,"https://sklep.hard-pc.pl/p21176,zestaw-ryzen-7-7700-rx-9060-xt-16gb-32gb-ddr5-500gb-ssd-650w-nadir.html",https://sklep.hard-pc.pl/galerie/66/3/zestaw-intel-i5-13400f-rtx-40_66308_k.jpg
Hard-PC.pl,"Zestaw | Ryzen 5 9600X, RTX 5070 12GB, 16GB DDR5, 500GB SSD, 650W, Signum 300 ARGB",7389.0,Ryzen 5 9600X,RTX 5070 12GB,16GB DDR5,500GB SSD,650W,"https://sklep.hard-pc.pl/p22626,zestaw-ryzen-5-9600x-rtx-5070-12gb-16gb-ddr5-500gb-ssd-650w-signum-300-argb.html",https://sklep.hard-pc.pl/galerie/50/8/obudowa-endorfy-signum-300-ar_50864_k.jpg
Hard-PC.pl,"Zestaw | Ryzen 5 7500F, RTX 5060 Ti 16GB, 32GB DDR5, 1TB SSD, 550W, Signum 300 ARGB",7399.0,Ryzen 5 7500F,RTX 5060 Ti 16GB,32GB DDR5,1TB SSD,550W,"https://sklep.hard-pc.pl/p19827,zestaw-ryzen-5-7500f-rtx-5060-ti-16gb-32gb-ddr5-1tb-ssd-550w-signum-300-argb.html",https://sklep.hard-pc.pl/galerie/50/8/obudowa-endorfy-signum-300-ar_50864_k.jpg
Hard-PC.pl,"Zestaw | Ryzen 5 7500X3D, RX 9060 XT 16GB, 32GB DDR5, 1TB SSD, 750W, Signum 300 ARGB",7399.0,Ryzen 5 7500X3D,RX 9060 XT 16GB,32GB DDR5,1TB SSD,750W,"https://sklep.hard-pc.pl/p26056,zestaw-ryzen-5-7500x3d-rx-9060-xt-16gb-32gb-ddr5-1tb-ssd-750w-signum-300-argb.html",https://sklep.hard-pc.pl/galerie/50/8/obudowa-endorfy-signum-300-ar_50864_k.jpg
Hard-PC.pl,"Zestaw | Ryzen 5 9500F, RTX 5060 TI 16GB, 32GB DDR5, 500GB SSD, 650W, Hunter 2",7399.0,Ryzen 5 9500F,RTX 5060 TI 16GB,32GB DDR5,500GB SSD,650W,"https://sklep.hard-pc.pl/p22783,zestaw-ryzen-5-9500f-rtx-5060-ti-16gb-32gb-ddr5-500gb-ssd-650w-hunter-2.html",https://sklep.hard-pc.pl/galerie/81/7/zestaw-ryzen-5-7500f-rx-9060_81708_k.jpg
Hard-PC.pl,"Zestaw | Ryzen 5 9500F, RX 9060 XT 16GB, 32GB DDR5, 1TB SSD, 850W, Signum 300 ARGB",7399.0,Ryzen 5 9500F,RX 9060 XT 16GB,32GB DDR5,1TB SSD,850W,"https://sklep.hard-pc.pl/p26074,zestaw-ryzen-5-9500f-rx-9060-xt-16gb-32gb-ddr5-1tb-ssd-850w-signum-300-argb.html",https://sklep.hard-pc.pl/galerie/50/8/obudowa-endorfy-signum-300-ar_50864_k.jpg
Hard-PC.pl,"Zestaw | Ryzen 7 7800X3D, RTX 5060 8GB, 32GB DDR5, 1TB SSD, 850W, Pano PZ130R",7399.0,Ryzen 7 7800X3D,RTX 5060 8GB,32GB DDR5,1TB SSD,850W,"https://sklep.hard-pc.pl/p25251,zestaw-ryzen-7-7800x3d-rtx-5060-8gb-32gb-ddr5-1tb-ssd-850w-pano-pz130r.html",https://sklep.hard-pc.pl/galerie/81/6/zestaw-ryzen-9-9950x3d-rx-790_81681_k.jpg
Hard-PC.pl,"Zestaw | Ryzen 7 7800X3D, RTX 5070 12GB, 1TB SSD, 850W, Aquarius 8000",7399.0,Ryzen 7 7800X3D,RTX 5070 12GB,,1TB SSD,850W,"https://sklep.hard-pc.pl/p25528,zestaw-ryzen-7-7800x3d-rtx-5070-12gb-1tb-ssd-850w-aquarius-8000.html",https://sklep.hard-pc.pl/galerie/84/3/zestaw-ryzen-7-9850x3d-rtx-50_84356_k.jpg
Hard-PC.pl,"Zestaw | Ryzen 5 7500F, RTX 5060 Ti 16GB, 32GB DDR5, 1TB SSD, 650W, ARX 700 ARGB",7429.0,Ryzen 5 7500F,RTX 5060 Ti 16GB,32GB DDR5,1TB SSD,650W,"https://sklep.hard-pc.pl/p20056,zestaw-ryzen-5-7500f-rtx-5060-ti-16gb-32gb-ddr5-1tb-ssd-650w-arx-700-argb.html",https://sklep.hard-pc.pl/galerie/55/6/obudowa-endorfy-arx-700-argb_55620_k.jpg
Hard-PC.pl,"Zestaw | Ryzen 7 5800X, RTX 5070 12GB, 32GB DDR4, 1TB SSD, 600W, Signum 300 ARGB",7439.0,Ryzen 7 5800X,RTX 5070 12GB,32GB DDR4,1TB SSD,600W,"https://sklep.hard-pc.pl/p25265,zestaw-ryzen-7-5800x-rtx-5070-12gb-32gb-ddr4-1tb-ssd-600w-signum-300-argb.html",https://sklep.hard-pc.pl/galerie/50/8/obudowa-endorfy-signum-300-ar_50864_k.jpg
Hard-PC.pl,"Zestaw | Ryzen 5 7500F, RX 9060 XT 16GB, 32GB DDR5, 1TB SSD, 650W, Diaxid 605F",7449.0,Ryzen 5 7500F,RX 9060 XT 16GB,32GB DDR5,1TB SSD,650W,"https://sklep.hard-pc.pl/p21200,zestaw-ryzen-5-7500f-rx-9060-xt-16gb-32gb-ddr5-1tb-ssd-650w-diaxid-605f.html",https://sklep.hard-pc.pl/galerie/68/1/obudowa-genesis-diaxid-605f-t_68126_k.jpg
Hard-PC.pl,"Zestaw | Ryzen 7 7700, RX 9060 XT 16GB, 32GB DDR5, 1TB SSD, 650W, Night Hunter",7449.0,Ryzen 7 7700,RX 9060 XT 16GB,32GB DDR5,1TB SSD,650W,"https://sklep.hard-pc.pl/p21326,zestaw-ryzen-7-7700-rx-9060-xt-16gb-32gb-ddr5-1tb-ssd-650w-night-hunter.html",https://sklep.hard-pc.pl/galerie/76/7/zestaw-ryzen-7-7700-rx-9070-1_76729_k.jpg
Hard-PC.pl,"Zestaw | Ryzen 7 7800X3D, RTX 5060 8GB, 1TB SSD, 32GB DDR5, 850W, Depcool CC560",7449.0,Ryzen 7 7800X3D,RTX 5060 8GB,32GB DDR5,1TB SSD,850W,"https://sklep.hard-pc.pl/p21212,zestaw-ryzen-7-7800x3d-rtx-5060-8gb-1tb-ssd-32gb-ddr5-850w-depcool-cc560.html",https://sklep.hard-pc.pl/galerie/65/2/obudowa-deepcool-cc560-v2-mid_65227_k.jpg
Hard-PC.pl,"Zestaw | Ryzen 5 8400F, RTX 5060 Ti 16GB, 32GB DDR5, 1000GB SSD, 650W, Stellar 5F ARGB White",7469.0,Ryzen 5 8400F,RTX 5060 Ti 16GB,32GB DDR5,1000GB SSD,650W,"https://sklep.hard-pc.pl/p20371,zestaw-ryzen-5-8400f-rtx-5060-ti-16gb-32gb-ddr5-1000gb-ssd-650w-stellar-5f-argb-white.html",https://sklep.hard-pc.pl/galerie/74/7/obudowa-modecom-volcano-stell_74759_k.jpg
Hard-PC.pl,"Zestaw | Ryzen 5 7500F, RX 9070 16GB, 32GB DDR5, 1TB SSD, 850W, Nadir",7499.0,Ryzen 5 7500F,RX 9070 16GB,32GB DDR5,1TB SSD,850W,"https://sklep.hard-pc.pl/p19237,zestaw-ryzen-5-7500f-rx-9070-16gb-32gb-ddr5-1tb-ssd-850w-nadir.html",https://sklep.hard-pc.pl/galerie/66/3/zestaw-intel-i5-13400f-rtx-40_66308_k.jpg
Hard-PC.pl,"Zestaw | Ryzen 5 7500X3D, RX 9070 16GB, 16GB DDR5, 1TB SSD, 850W, V100R",7499.0,Ryzen 5 7500X3D,RX 9070 16GB,16GB DDR5,1TB SSD,850W,"https://sklep.hard-pc.pl/p26445,zestaw-ryzen-5-7500x3d-rx-9070-16gb-16gb-ddr5-1tb-ssd-850w-v100r.html",https://sklep.hard-pc.pl/galerie/77/5/obudowa-lian-li-vector-v100-r_77525_k.jpg
Hard-PC.pl,"Zestaw | Ryzen 7 7700, RX 9060 XT 16GB, 32GB DDR5, 1TB SSD, 650W, Exo ARGb",7499.0,Ryzen 7 7700,RX 9060 XT 16GB,32GB DDR5,1TB SSD,650W,"https://sklep.hard-pc.pl/p20265,zestaw-ryzen-7-7700-rx-9060-xt-16gb-32gb-ddr5-1tb-ssd-650w-exo-argb.html",https://sklep.hard-pc.pl/galerie/73/8/obudowa-krux-exo-argb-black_73874_k.jpg
Hard-PC.pl,"Zestaw | Ryzen 7 7800X3D, RTX 5070 12GB, 16GB DDR5, 500GB SSD, 650W, Hunter 2",7499.0,Ryzen 7 7800X3D,RTX 5070 12GB,16GB DDR5,500GB SSD,650W,"https://sklep.hard-pc.pl/p22854,zestaw-ryzen-7-7800x3d-rtx-5070-12gb-16gb-ddr5-500gb-ssd-650w-hunter-2.html",https://sklep.hard-pc.pl/galerie/81/7/zestaw-ryzen-5-7500f-rx-9060_81708_k.jpg
Hard-PC.pl,"Zestaw | Ryzen 7500f, RX 9060 XT 16GB, 32GB DDR5, 1TB SSD, 850W, Exo ARGB",7499.0,Ryzen 7500f,RX 9060 XT 16GB,32GB DDR5,1TB SSD,850W,"https://sklep.hard-pc.pl/p20458,zestaw-ryzen-7500f-rx-9060-xt-16gb-32gb-ddr5-1tb-ssd-850w-exo-argb.html",https://sklep.hard-pc.pl/galerie/73/8/obudowa-krux-exo-argb-black_73874_k.jpg
Hard-PC.pl,"Zestaw | Ryzen 5 8400F, RTX 5060 Ti 16GB, 32GB DDR5, 1000GB SSD, 650W, Stellar 5F ARGB White",7519.0,Ryzen 5 8400F,RTX 5060 Ti 16GB,32GB DDR5,1000GB SSD,650W,"https://sklep.hard-pc.pl/p20541,zestaw-ryzen-5-8400f-rtx-5060-ti-16gb-32gb-ddr5-1000gb-ssd-650w-stellar-5f-argb-white.html",https://sklep.hard-pc.pl/galerie/74/7/obudowa-modecom-volcano-stell_74759_k.jpg
Hard-PC.pl,"Zestaw | Ryzen 5 7500F, RTX 5060 Ti 16GB, 32GB DDR5, 1TB SSD, 650W, ARX 700 ARGB",7529.0,Ryzen 5 7500F,RTX 5060 Ti 16GB,32GB DDR5,1TB SSD,650W,"https://sklep.hard-pc.pl/p22552,zestaw-ryzen-5-7500f-rtx-5060-ti-16gb-32gb-ddr5-1tb-ssd-650w-arx-700-argb.html",https://sklep.hard-pc.pl/galerie/55/6/obudowa-endorfy-arx-700-argb_55620_k.jpg
Hard-PC.pl,"Zestaw | Ryzen 5 7500F, RTX 5060 Ti 16GB, 32GB DDR5, 1TB SSD, 650W, Stellar 5F ARGB",7529.0,Ryzen 5 7500F,RTX 5060 Ti 16GB,32GB DDR5,1TB SSD,650W,"https://sklep.hard-pc.pl/p21360,zestaw-ryzen-5-7500f-rtx-5060-ti-16gb-32gb-ddr5-1tb-ssd-650w-stellar-5f-argb.html",https://sklep.hard-pc.pl/galerie/75/9/zestaw-ryzen-7-7800x3d-rx-907_75900_k.jpg
Hard-PC.pl,"Zestaw | Ryzen 5 8400F, RTX 5060 Ti 16GB, 32GB DDR5, 2TB SSD, 650W, Signum 300 ARGB",7529.0,Ryzen 5 8400F,RTX 5060 Ti 16GB,32GB DDR5,2TB SSD,650W,"https://sklep.hard-pc.pl/p19854,zestaw-ryzen-5-8400f-rtx-5060-ti-16gb-32gb-ddr5-2tb-ssd-650w-signum-300-argb.html",https://sklep.hard-pc.pl/galerie/50/8/obudowa-endorfy-signum-300-ar_50864_k.jpg
Hard-PC.pl,"Zestaw | Ryzen 5 7500F, RTX 5060 Ti 16GB, 32GB DDR5, 1TB SSD, 550W, Exo ARGB",7539.0,Ryzen 5 7500F,RTX 5060 Ti 16GB,32GB DDR5,1TB SSD,550W,"https://sklep.hard-pc.pl/p19851,zestaw-ryzen-5-7500f-rtx-5060-ti-16gb-32gb-ddr5-1tb-ssd-550w-exo-argb.html",https://sklep.hard-pc.pl/galerie/71/0/zestaw-intel-i5-14600kf-rtx-4_71013_k.jpg
Hard-PC.pl,"Zestaw | Ryzen 5 9500F, RTX 5060 Ti 8GB, 32GB DDR5, 1TB SSD, 750W, P30 RGB",7549.0,Ryzen 5 9500F,RTX 5060 Ti 8GB,32GB DDR5,1TB SSD,750W,"https://sklep.hard-pc.pl/p26050,zestaw-ryzen-5-9500f-rtx-5060-ti-8gb-32gb-ddr5-1tb-ssd-750w-p30-rgb.html",https://sklep.hard-pc.pl/galerie/87/0/zestaw-ryzen-5-7500f-rtx-5060_87076_k.jpg
Hard-PC.pl,"Zestaw | Ryzen 7 7800X3D, RX 9060 XT 16GB, 32GB DDR5, 500GB SSD, 650W, Signum 300 ARGB",7549.0,Ryzen 7 7800X3D,RX 9060 XT 16GB,32GB DDR5,500GB SSD,650W,"https://sklep.hard-pc.pl/p22859,zestaw-ryzen-7-7800x3d-rx-9060-xt-16gb-32gb-ddr5-500gb-ssd-650w-signum-300-argb.html",https://sklep.hard-pc.pl/galerie/50/8/obudowa-endorfy-signum-300-ar_50864_k.jpg
Hard-PC.pl,"Zestaw | Ryzen 5 7500F, RX 9070 16GB, 32GB DDR5, 1TB SSD, 850W, ARX 700 ARGB",7559.0,Ryzen 5 7500F,RX 9070 16GB,32GB DDR5,1TB SSD,850W,"https://sklep.hard-pc.pl/p19262,zestaw-ryzen-5-7500f-rx-9070-16gb-32gb-ddr5-1tb-ssd-850w-arx-700-argb.html",https://sklep.hard-pc.pl/galerie/55/6/obudowa-endorfy-arx-700-argb_55620_k.jpg
Hard-PC.pl,"Zestaw | Ryzen 5 9600X, RX 9060 XT 16GB, 32GB DDR5, 1TB SSD, 850W, Stellar 5F",7559.0,Ryzen 5 9600X,RX 9060 XT 16GB,32GB DDR5,1TB SSD,850W,"https://sklep.hard-pc.pl/p26014,zestaw-ryzen-5-9600x-rx-9060-xt-16gb-32gb-ddr5-1tb-ssd-850w-stellar-5f.html",https://sklep.hard-pc.pl/galerie/79/7/obudowa-modecom-volcano-stell_79750_k.jpg
Hard-PC.pl,"Zestaw | Ryzen 5 7500X3D, RTX 5070 12GB, 16GB DDR5, 500GB SSD, 650W, Pano 130R ARGB",7569.0,Ryzen 5 7500X3D,RTX 5070 12GB,16GB DDR5,500GB SSD,650W,"https://sklep.hard-pc.pl/p22849,zestaw-ryzen-5-7500x3d-rtx-5070-12gb-16gb-ddr5-500gb-ssd-650w-pano-130r-argb.html",https://sklep.hard-pc.pl/galerie/81/6/obudowa-msi-mag-pano-130r-pz_81680_k.jpg
Hard-PC.pl,"Zestaw | Ryzen 7 7800X3D, RX 9060 XT 16GB, 32GB DDR5, 500GB SSD, 650W, XT Pro Ultra ARGB",7569.0,Ryzen 7 7800X3D,RX 9060 XT 16GB,32GB DDR5,500GB SSD,650W,"https://sklep.hard-pc.pl/p22863,zestaw-ryzen-7-7800x3d-rx-9060-xt-16gb-32gb-ddr5-500gb-ssd-650w-xt-pro-ultra-argb.html",https://sklep.hard-pc.pl/galerie/82/1/zestaw-ryzen-7-7800x3d-rx-906_82113_k.jpg
Hard-PC.pl,"Zestaw | Ryzen 5 7500F, RTX 5060 TI 16GB, 32GB DDR5, 1TB SSD, 650W, ARX 700 ARGB",7599.0,Ryzen 5 7500F,RTX 5060 TI 16GB,32GB DDR5,1TB SSD,650W,"https://sklep.hard-pc.pl/p19832,zestaw-ryzen-5-7500f-rtx-5060-ti-16gb-32gb-ddr5-1tb-ssd-650w-arx-700-argb.html",https://sklep.hard-pc.pl/galerie/55/6/obudowa-endorfy-arx-700-argb_55620_k.jpg
Hard-PC.pl,"Zestaw | Ryzen 5 8400F, RTX 5060 TI 16GB, 32GB DDR5, 1000GB SSD, 650W, PANO 130R PZ ARGB Black",7599.0,Ryzen 5 8400F,RTX 5060 TI 16GB,32GB DDR5,1000GB SSD,650W,"https://sklep.hard-pc.pl/p21247,zestaw-ryzen-5-8400f-rtx-5060-ti-16gb-32gb-ddr5-1000gb-ssd-650w-pano-130r-pz-argb-black.html",https://sklep.hard-pc.pl/galerie/81/6/zestaw-ryzen-9-9950x3d-rx-790_81681_k.jpg
Hard-PC.pl,"Zestaw | Ryzen 5 8400F, RTX 5060 TI 16GB, 32GB DDR5, 1000GB SSD, 650W, Stellar 5F ARGB White",7599.0,Ryzen 5 8400F,RTX 5060 TI 16GB,32GB DDR5,1000GB SSD,650W,"https://sklep.hard-pc.pl/p20379,zestaw-ryzen-5-8400f-rtx-5060-ti-16gb-32gb-ddr5-1000gb-ssd-650w-stellar-5f-argb-white.html",https://sklep.hard-pc.pl/galerie/74/7/obudowa-modecom-volcano-stell_74759_k.jpg
Hard-PC.pl,"Zestaw | Ryzen 7 7800X3D, RTX 5070 12GB, 16GB DDR5, 500GB SSD, 650W, Hunter 2",7599.0,Ryzen 7 7800X3D,RTX 5070 12GB,16GB DDR5,500GB SSD,650W,"https://sklep.hard-pc.pl/p22762,zestaw-ryzen-7-7800x3d-rtx-5070-12gb-16gb-ddr5-500gb-ssd-650w-hunter-2.html",https://sklep.hard-pc.pl/galerie/81/7/zestaw-ryzen-5-7500f-rx-9060_81708_k.jpg
Hard-PC.pl,"Zestaw | Ryzen 7 7800X3D, RTX 5070 12GB, 16GB DDR5, 500GB SSD, 650W, Pano 130R ARGB",7599.0,Ryzen 7 7800X3D,RTX 5070 12GB,16GB DDR5,500GB SSD,650W,"https://sklep.hard-pc.pl/p22770,zestaw-ryzen-7-7800x3d-rtx-5070-12gb-16gb-ddr5-500gb-ssd-650w-pano-130r-argb.html",https://sklep.hard-pc.pl/galerie/81/6/obudowa-msi-mag-pano-130r-pz_81680_k.jpg
Hard-PC.pl,"Zestaw | Ryzen 5 9500F, RTX 5070 12GB, 16GB DDR5, 500GB SSD, 650W, H7 Flow",7609.0,Ryzen 5 9500F,RTX 5070 12GB,16GB DDR5,500GB SSD,650W,"https://sklep.hard-pc.pl/p25563,zestaw-ryzen-5-9500f-rtx-5070-12gb-16gb-ddr5-500gb-ssd-650w-h7-flow.html",https://sklep.hard-pc.pl/galerie/81/4/obudowa-nzxt-h7-flow-2024-rgb_81480_k.jpg
Hard-PC.pl,"Zestaw | Ryzen 7 7800X3D, RTX 5060 TI 8GB, 32GB DDR5, 1TB SSD, 850W, Pano PZ130R",7609.0,Ryzen 7 7800X3D,RTX 5060 TI 8GB,32GB DDR5,1TB SSD,850W,"https://sklep.hard-pc.pl/p25248,zestaw-ryzen-7-7800x3d-rtx-5060-ti-8gb-32gb-ddr5-1tb-ssd-850w-pano-pz130r.html",https://sklep.hard-pc.pl/galerie/81/6/zestaw-ryzen-9-9950x3d-rx-790_81681_k.jpg
Hard-PC.pl,"Zestaw | Ryzen 5 7500X3D, RTX 5060 TI 16GB, 32GB DDR5, 500GB SSD, 650W, Signum 300 ARGB",7619.0,Ryzen 5 7500X3D,RTX 5060 TI 16GB,32GB DDR5,500GB SSD,650W,"https://sklep.hard-pc.pl/p22744,zestaw-ryzen-5-7500x3d-rtx-5060-ti-16gb-32gb-ddr5-500gb-ssd-650w-signum-300-argb.html",https://sklep.hard-pc.pl/galerie/50/8/obudowa-endorfy-signum-300-ar_50864_k.jpg
Hard-PC.pl,"Zestaw | Ryzen 5 7600X, RTX 5060 Ti 16GB, 1TB SSD, 16GB DDR5, 750W, Signum 300 ARGB",7619.0,Ryzen 5 7600X,RTX 5060 Ti 16GB,16GB DDR5,1TB SSD,750W,"https://sklep.hard-pc.pl/p26041,zestaw-ryzen-5-7600x-rtx-5060-ti-16gb-1tb-ssd-16gb-ddr5-750w-signum-300-argb.html",https://sklep.hard-pc.pl/galerie/50/8/obudowa-endorfy-signum-300-ar_50864_k.jpg
Hard-PC.pl,"Zestaw | Ryzen 5 7500F, RTX 5060 TI 16GB, 32GB DDR5, 1TB SSD, 650W, ARX 700 ARGB",7629.0,Ryzen 5 7500F,RTX 5060 TI 16GB,32GB DDR5,1TB SSD,650W,"https://sklep.hard-pc.pl/p21305,zestaw-ryzen-5-7500f-rtx-5060-ti-16gb-32gb-ddr5-1tb-ssd-650w-arx-700-argb.html",https://sklep.hard-pc.pl/galerie/55/6/obudowa-endorfy-arx-700-argb_55620_k.jpg
Hard-PC.pl,"Zestaw | Ryzen 5 7600, RX 9070 16GB, 32GB DDR5, 1TB SSD, 850W, Nadir",7629.0,Ryzen 5 7600,RX 9070 16GB,32GB DDR5,1TB SSD,850W,"https://sklep.hard-pc.pl/p19238,zestaw-ryzen-5-7600-rx-9070-16gb-32gb-ddr5-1tb-ssd-850w-nadir.html",https://sklep.hard-pc.pl/galerie/66/3/zestaw-intel-i5-13400f-rtx-40_66308_k.jpg
Hard-PC.pl,"Zestaw | Ryzen 5 8400F, RTX 5060 Ti 16GB, 32GB DDR5, 1000GB SSD, 650W, Stellar 5F ARGB White",7629.0,Ryzen 5 8400F,RTX 5060 Ti 16GB,32GB DDR5,1000GB SSD,650W,"https://sklep.hard-pc.pl/p21025,zestaw-ryzen-5-8400f-rtx-5060-ti-16gb-32gb-ddr5-1000gb-ssd-650w-stellar-5f-argb-white.html",https://sklep.hard-pc.pl/galerie/74/7/obudowa-modecom-volcano-stell_74759_k.jpg
Hard-PC.pl,"Zestaw | Intel Ultra 5 250KF Plus, RTX 5070 12GB, 16GB DDR5, 500GB SSD, 850W, Pano 130 ARGB",7639.0,Intel Ultra 5 250KF Plus,RTX 5070 12GB,16GB DDR5,500GB SSD,850W,"https://sklep.hard-pc.pl/p24408,zestaw-intel-ultra-5-250kf-plus-rtx-5070-12gb-16gb-ddr5-500gb-ssd-850w-pano-130-argb.html",https://sklep.hard-pc.pl/galerie/81/6/zestaw-ryzen-9-9950x3d-rx-790_81681_k.jpg
Hard-PC.pl,"Zestaw | Ryzen 5 9600X, RX 9060 XT 16GB, 32GB DDR5, 1TB SSD, 750W, Stellar",7639.0,Ryzen 5 9600X,RX 9060 XT 16GB,32GB DDR5,1TB SSD,750W,"https://sklep.hard-pc.pl/p26196,zestaw-ryzen-5-9600x-rx-9060-xt-16gb-32gb-ddr5-1tb-ssd-750w-stellar.html",https://sklep.hard-pc.pl/galerie/79/7/obudowa-modecom-volcano-stell_79750_k.jpg
Hard-PC.pl,"Zestaw | Ryzen 5 7500F, RTX 5060 TI 16GB, 32GB DDR5, 1TB SSD, 650W, ARX 700 ARGB",7649.0,Ryzen 5 7500F,RTX 5060 TI 16GB,32GB DDR5,1TB SSD,650W,"https://sklep.hard-pc.pl/p20881,zestaw-ryzen-5-7500f-rtx-5060-ti-16gb-32gb-ddr5-1tb-ssd-650w-arx-700-argb.html",https://sklep.hard-pc.pl/galerie/55/6/obudowa-endorfy-arx-700-argb_55620_k.jpg
Hard-PC.pl,"Zestaw | Ryzen 5 7500F, RX 9070 16GB, 32GB DDR5, 1TB SSD, 850W, Exo ARGB",7649.0,Ryzen 5 7500F,RX 9070 16GB,32GB DDR5,1TB SSD,850W,"https://sklep.hard-pc.pl/p20472,zestaw-ryzen-5-7500f-rx-9070-16gb-32gb-ddr5-1tb-ssd-850w-exo-argb.html",https://sklep.hard-pc.pl/galerie/73/8/obudowa-krux-exo-argb-black_73874_k.jpg
Hard-PC.pl,"Zestaw | Ryzen 7 7700, RX 9060 XT 16GB, 32GB DDR5, 1TB SSD, 750W, Night Hunter",7649.0,Ryzen 7 7700,RX 9060 XT 16GB,32GB DDR5,1TB SSD,750W,"https://sklep.hard-pc.pl/p26326,zestaw-ryzen-7-7700-rx-9060-xt-16gb-32gb-ddr5-1tb-ssd-750w-night-hunter.html",https://sklep.hard-pc.pl/galerie/76/7/zestaw-ryzen-7-7700-rx-9070-1_76729_k.jpg
Hard-PC.pl,"Zestaw | Ryzen 7 7800X3D, RTX 5070 12GB, 1TB SSD, 850W, Fishtank 6000 Corona",7649.0,Ryzen 7 7800X3D,RTX 5070 12GB,,1TB SSD,850W,"https://sklep.hard-pc.pl/p26035,zestaw-ryzen-7-7800x3d-rtx-5070-12gb-1tb-ssd-850w-fishtank-6000-corona.html",https://sklep.hard-pc.pl/galerie/84/8/obudowa-endorfy-fishtank-6000_84840_k.jpg
Hard-PC.pl,"Zestaw | Ryzen 5 7500F, RX 9070 16GB, 32GB DDR5, 1TB SSD, 850W, Pano 130R ARGB",7679.0,Ryzen 5 7500F,RX 9070 16GB,32GB DDR5,1TB SSD,850W,"https://sklep.hard-pc.pl/p22775,zestaw-ryzen-5-7500f-rx-9070-16gb-32gb-ddr5-1tb-ssd-850w-pano-130r-argb.html",https://sklep.hard-pc.pl/galerie/81/6/obudowa-msi-mag-pano-130r-pz_81680_k.jpg
Hard-PC.pl,"Zestaw | Ryzen 5 9500F, RTX 5060 Ti 8GB, 32GB DDR5, 2TB SSD, 750W, Night Hunter",7679.0,Ryzen 5 9500F,RTX 5060 Ti 8GB,32GB DDR5,2TB SSD,750W,"https://sklep.hard-pc.pl/p26210,zestaw-ryzen-5-9500f-rtx-5060-ti-8gb-32gb-ddr5-2tb-ssd-750w-night-hunter.html",https://sklep.hard-pc.pl/galerie/76/7/zestaw-ryzen-7-7700-rx-9070-1_76729_k.jpg
Hard-PC.pl,"Zestaw | Ryzen 7 7800X3D, RX 9060 XT 16GB, 32GB DDR5, 1000GB SSD, 850W, Hunter",7689.0,Ryzen 7 7800X3D,RX 9060 XT 16GB,32GB DDR5,1000GB SSD,850W,"https://sklep.hard-pc.pl/p25400,zestaw-ryzen-7-7800x3d-rx-9060-xt-16gb-32gb-ddr5-1000gb-ssd-850w-hunter.html",https://sklep.hard-pc.pl/galerie/76/7/zestaw-ryzen-7-7700-rx-9070-1_76729_k.jpg
Hard-PC.pl,"Zestaw | Intel I5-14400F, RTX 5060 TI 16GB, 32GB DDR5, 1TB SSD, 750W, Nadir",7699.0,Intel I5-14400F,RTX 5060 TI 16GB,32GB DDR5,1TB SSD,750W,"https://sklep.hard-pc.pl/p21138,zestaw-intel-i5-14400f-rtx-5060-ti-16gb-32gb-ddr5-1tb-ssd-750w-nadir.html",https://sklep.hard-pc.pl/galerie/66/3/zestaw-intel-i5-13400f-rtx-40_66308_k.jpg
Hard-PC.pl,"Zestaw | Ryzen 5 7600, RX 9070 16GB, 32GB DDR5, 1TB SSD, 850W, ARX 700 ARGB",7699.0,Ryzen 5 7600,RX 9070 16GB,32GB DDR5,1TB SSD,850W,"https://sklep.hard-pc.pl/p19263,zestaw-ryzen-5-7600-rx-9070-16gb-32gb-ddr5-1tb-ssd-850w-arx-700-argb.html",https://sklep.hard-pc.pl/galerie/55/6/obudowa-endorfy-arx-700-argb_55620_k.jpg
Hard-PC.pl,"Zestaw | Ryzen 7 7700, RTX 5060 Ti 16GB, 32GB DDR5, 1TB SSD, 650W, Signum 300 ARGB",7699.0,Ryzen 7 7700,RTX 5060 Ti 16GB,32GB DDR5,1TB SSD,650W,"https://sklep.hard-pc.pl/p19703,zestaw-ryzen-7-7700-rtx-5060-ti-16gb-32gb-ddr5-1tb-ssd-650w-signum-300-argb.html",https://sklep.hard-pc.pl/galerie/50/8/obudowa-endorfy-signum-300-ar_50864_k.jpg
Hard-PC.pl,"Zestaw | Ryzen 7 7800X3D, RTX 5060 8GB, 32GB DDR5, 1TB SSD, 850W, Pano 130R PZ",7699.0,Ryzen 7 7800X3D,RTX 5060 8GB,32GB DDR5,1TB SSD,850W,"https://sklep.hard-pc.pl/p22636,zestaw-ryzen-7-7800x3d-rtx-5060-8gb-32gb-ddr5-1tb-ssd-850w-pano-130r-pz.html",https://sklep.hard-pc.pl/galerie/81/6/obudowa-msi-mag-pano-130r-pz_81680_k.jpg
Hard-PC.pl,"Zestaw | Intel Ultra 5 250KF Plus, RX 9070 XT 16GB, 16GB DDR5, 500GB SSD, 750W, Pano 130 ARGB",7709.0,Intel Ultra 5 250KF Plus,RX 9070 XT 16GB,16GB DDR5,500GB SSD,750W,"https://sklep.hard-pc.pl/p24425,zestaw-intel-ultra-5-250kf-plus-rx-9070-xt-16gb-16gb-ddr5-500gb-ssd-750w-pano-130-argb.html",https://sklep.hard-pc.pl/galerie/81/6/zestaw-ryzen-9-9950x3d-rx-790_81681_k.jpg
Hard-PC.pl,"Zestaw | Ryzen 5 7500X3D, RTX 5060 TI 16GB, 32GB DDR5, 500GB SSD, 650W, Pano 130R ARGB",7719.0,Ryzen 5 7500X3D,RTX 5060 TI 16GB,32GB DDR5,500GB SSD,650W,"https://sklep.hard-pc.pl/p22771,zestaw-ryzen-5-7500x3d-rtx-5060-ti-16gb-32gb-ddr5-500gb-ssd-650w-pano-130r-argb.html",https://sklep.hard-pc.pl/galerie/81/6/obudowa-msi-mag-pano-130r-pz_81680_k.jpg
Hard-PC.pl,"Zestaw | Ryzen 7 7800X3D, RTX 5070 12GB, 16GB DDR5, 500GB SSD, 650W, Signum 300 ARGB",7729.0,Ryzen 7 7800X3D,RTX 5070 12GB,16GB DDR5,500GB SSD,650W,"https://sklep.hard-pc.pl/p22624,zestaw-ryzen-7-7800x3d-rtx-5070-12gb-16gb-ddr5-500gb-ssd-650w-signum-300-argb.html",https://sklep.hard-pc.pl/galerie/50/8/obudowa-endorfy-signum-300-ar_50864_k.jpg
Hard-PC.pl,"Zestaw | Ryzen 5 7500F, RTX 5060 Ti 16GB, 32GB DDR5, 1TB SSD, 650W, Lian Li V100",7789.0,Ryzen 5 7500F,RTX 5060 Ti 16GB,32GB DDR5,1TB SSD,650W,"https://sklep.hard-pc.pl/p21324,zestaw-ryzen-5-7500f-rtx-5060-ti-16gb-32gb-ddr5-1tb-ssd-650w-lian-li-v100.html",https://sklep.hard-pc.pl/galerie/77/5/obudowa-lian-li-vector-v100-r_77533_k.jpg
Hard-PC.pl,"Zestaw | Intel Ultra 270K, RX 9060 XT 16GB, 32GB DDR5, 1TB SSD, 750W, Night Hunter",7799.0,Intel Ultra 270K,RX 9060 XT 16GB,32GB DDR5,1TB SSD,750W,"https://sklep.hard-pc.pl/p26431,zestaw-intel-ultra-270k-rx-9060-xt-16gb-32gb-ddr5-1tb-ssd-750w-night-hunter.html",https://sklep.hard-pc.pl/galerie/76/7/zestaw-ryzen-7-7700-rx-9070-1_76729_k.jpg
Hard-PC.pl,"Zestaw | Ryzen 7 7800X3D, RX 9060 XT 16GB, 32GB DDR5, 1000GB SSD, 750W, Hunter",7799.0,Ryzen 7 7800X3D,RX 9060 XT 16GB,32GB DDR5,1000GB SSD,750W,"https://sklep.hard-pc.pl/p25437,zestaw-ryzen-7-7800x3d-rx-9060-xt-16gb-32gb-ddr5-1000gb-ssd-750w-hunter.html",https://sklep.hard-pc.pl/galerie/76/7/zestaw-ryzen-7-7700-rx-9070-1_76729_k.jpg
Hard-PC.pl,"Zestaw | Ryzen 5 7500F, RTX 5060 Ti 16GB, 32GB DDR5, 1TB SSD, 850W, Stellar 5F",7849.0,Ryzen 5 7500F,RTX 5060 Ti 16GB,32GB DDR5,1TB SSD,850W,"https://sklep.hard-pc.pl/p21329,zestaw-ryzen-5-7500f-rtx-5060-ti-16gb-32gb-ddr5-1tb-ssd-850w-stellar-5f.html",https://sklep.hard-pc.pl/galerie/75/9/zestaw-ryzen-7-7800x3d-rx-907_75900_k.jpg
Hard-PC.pl,"Zestaw | Ryzen 5 7600X, RX 9060 XT 16GB, 32GB DDR5, 1TB SSD, 650W, ARX 700 ARGB",7849.0,Ryzen 5 7600X,RX 9060 XT 16GB,32GB DDR5,1TB SSD,650W,"https://sklep.hard-pc.pl/p20497,zestaw-ryzen-5-7600x-rx-9060-xt-16gb-32gb-ddr5-1tb-ssd-650w-arx-700-argb.html",https://sklep.hard-pc.pl/galerie/55/6/obudowa-endorfy-arx-700-argb_55620_k.jpg
Hard-PC.pl,"Zestaw | Ryzen 5 7600X, RX 9070 16GB, 32GB DDR5, 1TB SSD, 850W, Nadir",7869.0,Ryzen 5 7600X,RX 9070 16GB,32GB DDR5,1TB SSD,850W,"https://sklep.hard-pc.pl/p19239,zestaw-ryzen-5-7600x-rx-9070-16gb-32gb-ddr5-1tb-ssd-850w-nadir.html",https://sklep.hard-pc.pl/galerie/66/3/zestaw-intel-i5-13400f-rtx-40_66308_k.jpg
Hard-PC.pl,"Zestaw | Ryzen 5 7500F, RTX 5070 12GB, 32GB DDR5, 500GB SSD, 650W, Hunter 2",7899.0,Ryzen 5 7500F,RTX 5070 12GB,32GB DDR5,500GB SSD,650W,"https://sklep.hard-pc.pl/p22730,zestaw-ryzen-5-7500f-rtx-5070-12gb-32gb-ddr5-500gb-ssd-650w-hunter-2.html",https://sklep.hard-pc.pl/galerie/81/7/zestaw-ryzen-5-7500f-rx-9060_81708_k.jpg
Hard-PC.pl,"Zestaw | Ryzen 7 7700, RTX 5060 TI 16GB, 32GB DDR5, 1TB SSD, 850W, Diaxid 605F",7899.0,Ryzen 7 7700,RTX 5060 TI 16GB,32GB DDR5,1TB SSD,850W,"https://sklep.hard-pc.pl/p20947,zestaw-ryzen-7-7700-rtx-5060-ti-16gb-32gb-ddr5-1tb-ssd-850w-diaxid-605f.html",https://sklep.hard-pc.pl/galerie/68/1/obudowa-genesis-diaxid-605f-t_68126_k.jpg
Hard-PC.pl,"Zestaw | Ryzen 7 7800X3D, RTX 5060 TI 16GB, 32GB DDR5, 500GB SSD, 650W, Hunter 2",7899.0,Ryzen 7 7800X3D,RTX 5060 TI 16GB,32GB DDR5,500GB SSD,650W,"https://sklep.hard-pc.pl/p22757,zestaw-ryzen-7-7800x3d-rtx-5060-ti-16gb-32gb-ddr5-500gb-ssd-650w-hunter-2.html",https://sklep.hard-pc.pl/galerie/81/7/zestaw-ryzen-5-7500f-rx-9060_81708_k.jpg
Hard-PC.pl,"Zestaw | Ryzen 7 7800X3D, RTX 5070 12GB, 16GB DDR5, 500GB SSD, 650W, Pano 130R ARGB",7899.0,Ryzen 7 7800X3D,RTX 5070 12GB,16GB DDR5,500GB SSD,650W,"https://sklep.hard-pc.pl/p22885,zestaw-ryzen-7-7800x3d-rtx-5070-12gb-16gb-ddr5-500gb-ssd-650w-pano-130r-argb.html",https://sklep.hard-pc.pl/galerie/81/6/obudowa-msi-mag-pano-130r-pz_81680_k.jpg
Hard-PC.pl,"Zestaw | Ryzen 7 7700, RX 9070 16GB, 32GB DDR5, 1TB SSD, 850W, Nadir",7919.0,Ryzen 7 7700,RX 9070 16GB,32GB DDR5,1TB SSD,850W,"https://sklep.hard-pc.pl/p19240,zestaw-ryzen-7-7700-rx-9070-16gb-32gb-ddr5-1tb-ssd-850w-nadir.html",https://sklep.hard-pc.pl/galerie/66/3/zestaw-intel-i5-13400f-rtx-40_66308_k.jpg
Hard-PC.pl,"Zestaw | Ryzen 7 7700, RX 9060 XT 16GB, 32GB DDR5, 1TB SSD, 750W, Night Hunter",7929.0,Ryzen 7 7700,RX 9060 XT 16GB,32GB DDR5,1TB SSD,750W,"https://sklep.hard-pc.pl/p26437,zestaw-ryzen-7-7700-rx-9060-xt-16gb-32gb-ddr5-1tb-ssd-750w-night-hunter.html",https://sklep.hard-pc.pl/galerie/76/7/zestaw-ryzen-7-7700-rx-9070-1_76729_k.jpg
Hard-PC.pl,"Zestaw | Ryzen 7 7800X3D, RTX 5060 TI 16GB, 32GB DDR5, 500GB SSD, 650W, Pano 130R ARGB",7949.0,Ryzen 7 7800X3D,RTX 5060 TI 16GB,32GB DDR5,500GB SSD,650W,"https://sklep.hard-pc.pl/p22765,zestaw-ryzen-7-7800x3d-rtx-5060-ti-16gb-32gb-ddr5-500gb-ssd-650w-pano-130r-argb.html",https://sklep.hard-pc.pl/galerie/81/6/obudowa-msi-mag-pano-130r-pz_81680_k.jpg
Hard-PC.pl,"Zestaw | Intel I5 14600KF, RX 9060 XT 16GB, 32GB DDR5, 1TB SSD, 850W, PANO 130R PZ ARGB Black",7969.0,Intel I5 14600KF,RX 9060 XT 16GB,32GB DDR5,1TB SSD,850W,"https://sklep.hard-pc.pl/p20870,zestaw-intel-i5-14600kf-rx-9060-xt-16gb-32gb-ddr5-1tb-ssd-850w-pano-130r-pz-argb-black.html",https://sklep.hard-pc.pl/galerie/81/6/zestaw-ryzen-9-9950x3d-rx-790_81681_k.jpg
Hard-PC.pl,"Zestaw | Ryzen 5 7600X, RX 9070 16GB, 32GB DDR5, 1TB SSD, 850W, ARX 700 ARGB",7969.0,Ryzen 5 7600X,RX 9070 16GB,32GB DDR5,1TB SSD,850W,"https://sklep.hard-pc.pl/p19264,zestaw-ryzen-5-7600x-rx-9070-16gb-32gb-ddr5-1tb-ssd-850w-arx-700-argb.html",https://sklep.hard-pc.pl/galerie/55/6/obudowa-endorfy-arx-700-argb_55620_k.jpg
Hard-PC.pl,"Zestaw | Ryzen 5 7500F, RTX 5060 Ti 16GB, 32GB DDR5, 2TB SSD, 650W, ARX 700 ARGB",7989.0,Ryzen 5 7500F,RTX 5060 Ti 16GB,32GB DDR5,2TB SSD,650W,"https://sklep.hard-pc.pl/p22439,zestaw-ryzen-5-7500f-rtx-5060-ti-16gb-32gb-ddr5-2tb-ssd-650w-arx-700-argb.html",https://sklep.hard-pc.pl/galerie/55/6/obudowa-endorfy-arx-700-argb_55620_k.jpg
Hard-PC.pl,"Zestaw | Ryzen 5 7600X, RX 9060 XT 16GB, 32GB DDR5, 1TB SSD, 750W, EXO Argb",7999.0,Ryzen 5 7600X,RX 9060 XT 16GB,32GB DDR5,1TB SSD,750W,"https://sklep.hard-pc.pl/p20333,zestaw-ryzen-5-7600x-rx-9060-xt-16gb-32gb-ddr5-1tb-ssd-750w-exo-argb.html",https://sklep.hard-pc.pl/galerie/73/8/obudowa-krux-exo-argb-black_73874_k.jpg
Hard-PC.pl,"Zestaw | Ryzen 7 7700, RX 9070 XT 16GB, 32GB DDR5, 850W, M30 ARGB",7999.0,Ryzen 7 7700,RX 9070 XT 16GB,32GB DDR5,,850W,"https://sklep.hard-pc.pl/p26399,zestaw-ryzen-7-7700-rx-9070-xt-16gb-32gb-ddr5-850w-m30-argb.html",https://sklep.hard-pc.pl/galerie/82/0/obudowa-endorfy-signum-m30-ar_82018_k.jpg
Hard-PC.pl,"Zestaw | Ryzen 7 7700X, RTX 5060 TI 16GB, 32GB DDR5, 1TB SSD, 650W, ARX 700 ARGB",7999.0,Ryzen 7 7700X,RTX 5060 TI 16GB,32GB DDR5,1TB SSD,650W,"https://sklep.hard-pc.pl/p22534,zestaw-ryzen-7-7700x-rtx-5060-ti-16gb-32gb-ddr5-1tb-ssd-650w-arx-700-argb.html",https://sklep.hard-pc.pl/galerie/55/6/obudowa-endorfy-arx-700-argb_55620_k.jpg
Hard-PC.pl,"Zestaw | Ryzen 7 7800X3D, RX 9060 XT 16GB, 32GB DDR5, 1TB SSD, 750W, Hunter 3",7999.0,Ryzen 7 7800X3D,RX 9060 XT 16GB,32GB DDR5,1TB SSD,750W,"https://sklep.hard-pc.pl/p26347,zestaw-ryzen-7-7800x3d-rx-9060-xt-16gb-32gb-ddr5-1tb-ssd-750w-hunter-3.html",https://sklep.hard-pc.pl/galerie/78/2/zestaw-ryzen-5-7600x-rtx-5070_78210_k.jpg
Hard-PC.pl,"Zestaw | Ryzen 7 7700, RX 9070 16GB, 32GB DDR5, 1TB SSD, 850W, ARX 700 ARGB",8019.0,Ryzen 7 7700,RX 9070 16GB,32GB DDR5,1TB SSD,850W,"https://sklep.hard-pc.pl/p19265,zestaw-ryzen-7-7700-rx-9070-16gb-32gb-ddr5-1tb-ssd-850w-arx-700-argb.html",https://sklep.hard-pc.pl/galerie/55/6/obudowa-endorfy-arx-700-argb_55620_k.jpg
Hard-PC.pl,"Zestaw | Ryzen 5 7500X3D, RX 9060 XT 16GB, 32GB DDR5, 1TB SSD, 750W, Pano 130 ARGB",8029.0,Ryzen 5 7500X3D,RX 9060 XT 16GB,32GB DDR5,1TB SSD,750W,"https://sklep.hard-pc.pl/p25211,zestaw-ryzen-5-7500x3d-rx-9060-xt-16gb-32gb-ddr5-1tb-ssd-750w-pano-130-argb.html",https://sklep.hard-pc.pl/galerie/83/0/zestaw-ryzen-5-7500x3d-rtx-50_83007_k.jpg
Hard-PC.pl,"Zestaw | Ryzen 5 7500X3D, RX 9070 16GB, 32GB DDR5, 1TB SSD, 850W, Pano 130R PZ",8039.0,Ryzen 5 7500X3D,RX 9070 16GB,32GB DDR5,1TB SSD,850W,"https://sklep.hard-pc.pl/p22743,zestaw-ryzen-5-7500x3d-rx-9070-16gb-32gb-ddr5-1tb-ssd-850w-pano-130r-pz.html",https://sklep.hard-pc.pl/galerie/81/6/zestaw-ryzen-9-9950x3d-rx-790_81681_k.jpg
Hard-PC.pl,"Zestaw | Ryzen 5 7600X, RX 9070 16GB, 32GB DDR5, 1TB SSD, 850W, Nadir",8049.0,Ryzen 5 7600X,RX 9070 16GB,32GB DDR5,1TB SSD,850W,"https://sklep.hard-pc.pl/p19668,zestaw-ryzen-5-7600x-rx-9070-16gb-32gb-ddr5-1tb-ssd-850w-nadir.html",https://sklep.hard-pc.pl/galerie/66/3/zestaw-intel-i5-13400f-rtx-40_66308_k.jpg
Hard-PC.pl,"Zestaw | Ryzen 7 7700, RTX 5060 Ti 16GB, 32GB DDR5, 1TB SSD, 850W, Ventum 200 Solid",8049.0,Ryzen 7 7700,RTX 5060 Ti 16GB,32GB DDR5,1TB SSD,850W,"https://sklep.hard-pc.pl/p20178,zestaw-ryzen-7-7700-rtx-5060-ti-16gb-32gb-ddr5-1tb-ssd-850w-ventum-200-solid.html",https://sklep.hard-pc.pl/galerie/52/5/obudowa-endorfy-ventum-200-so_52514_k.jpg
Hard-PC.pl,"Zestaw | Intel I5-14600KF, RX 9070 16GB, 32GB DDR5, 1TB SSD, 850W, Nadir",8079.0,Intel I5-14600KF,RX 9070 16GB,32GB DDR5,1TB SSD,850W,"https://sklep.hard-pc.pl/p19243,zestaw-intel-i5-14600kf-rx-9070-16gb-32gb-ddr5-1tb-ssd-850w-nadir.html",https://sklep.hard-pc.pl/galerie/66/3/zestaw-intel-i5-13400f-rtx-40_66308_k.jpg
Hard-PC.pl,"Zestaw | Ryzen 7 7700X, RTX 5060 Ti 16GB, 32GB DDR5, Stellar 5F ARGB, 650W",8099.0,Ryzen 7 7700X,RTX 5060 Ti 16GB,32GB DDR5,,650W,"https://sklep.hard-pc.pl/p22421,zestaw-ryzen-7-7700x-rtx-5060-ti-16gb-32gb-ddr5-stellar-5f-argb-650w.html",https://sklep.hard-pc.pl/galerie/74/7/obudowa-modecom-volcano-stell_74743_k.jpg
Hard-PC.pl,"Zestaw | Ryzen 7 7800X3D, RTX 5060 TI 16GB, 32GB DDR5, 500GB SSD, 650W, XT Pro Ultra ARGB",8099.0,Ryzen 7 7800X3D,RTX 5060 TI 16GB,32GB DDR5,500GB SSD,650W,"https://sklep.hard-pc.pl/p22865,zestaw-ryzen-7-7800x3d-rtx-5060-ti-16gb-32gb-ddr5-500gb-ssd-650w-xt-pro-ultra-argb.html",https://sklep.hard-pc.pl/galerie/82/1/zestaw-ryzen-7-7800x3d-rx-906_82113_k.jpg
Hard-PC.pl,"Zestaw | Ryzen 7 7800X3D, RX 9060 XT 16GB, 32GB DDR5, 1TB SSD, 650W, Signum 300 ARGB",8099.0,Ryzen 7 7800X3D,RX 9060 XT 16GB,32GB DDR5,1TB SSD,650W,"https://sklep.hard-pc.pl/p20260,zestaw-ryzen-7-7800x3d-rx-9060-xt-16gb-32gb-ddr5-1tb-ssd-650w-signum-300-argb.html",https://sklep.hard-pc.pl/galerie/50/8/obudowa-endorfy-signum-300-ar_50864_k.jpg
Hard-PC.pl,"Zestaw | Intel I5 14600KF, RTX 5060 Ti 16GB, 32GB DDR5, 1TB SSD, 850W, PANO 130R PZ ARGB Black",8129.0,Intel I5 14600KF,RTX 5060 Ti 16GB,32GB DDR5,1TB SSD,850W,"https://sklep.hard-pc.pl/p20867,zestaw-intel-i5-14600kf-rtx-5060-ti-16gb-32gb-ddr5-1tb-ssd-850w-pano-130r-pz-argb-black.html",https://sklep.hard-pc.pl/galerie/81/6/zestaw-ryzen-9-9950x3d-rx-790_81681_k.jpg
Hard-PC.pl,"Zestaw | Ryzen 7 7800X3D, RTX 5060 TI 16GB, 32GB DDR5, 1TB SSD, 650W, Night Hunter",8169.0,Ryzen 7 7800X3D,RTX 5060 TI 16GB,32GB DDR5,1TB SSD,650W,"https://sklep.hard-pc.pl/p20701,zestaw-ryzen-7-7800x3d-rtx-5060-ti-16gb-32gb-ddr5-1tb-ssd-650w-night-hunter.html",https://sklep.hard-pc.pl/galerie/76/7/zestaw-ryzen-7-7700-rx-9070-1_76729_k.jpg
Hard-PC.pl,"Zestaw | Intel I5-14600KF, RX 9070 16GB, 32GB DDR5, 1TB SSD, 850W, ARX 700 ARGB",8179.0,Intel I5-14600KF,RX 9070 16GB,32GB DDR5,1TB SSD,850W,"https://sklep.hard-pc.pl/p19268,zestaw-intel-i5-14600kf-rx-9070-16gb-32gb-ddr5-1tb-ssd-850w-arx-700-argb.html",https://sklep.hard-pc.pl/galerie/55/6/obudowa-endorfy-arx-700-argb_55620_k.jpg
Hard-PC.pl,"Zestaw | Ryzen 5 7500F, RX 9070 XT 16GB, 32GB DDR5, 1TB SSD, 850W, ARX 700 ARGB",8189.0,Ryzen 5 7500F,RX 9070 XT 16GB,32GB DDR5,1TB SSD,850W,"https://sklep.hard-pc.pl/p21140,zestaw-ryzen-5-7500f-rx-9070-xt-16gb-32gb-ddr5-1tb-ssd-850w-arx-700-argb.html",https://sklep.hard-pc.pl/galerie/55/6/obudowa-endorfy-arx-700-argb_55620_k.jpg
Hard-PC.pl,"Zestaw | Ryzen 5 8400F, RTX 5070 12GB, 32GB DDR5, 1TB SSD, 650W, Night Hunter",8199.0,Ryzen 5 8400F,RTX 5070 12GB,32GB DDR5,1TB SSD,650W,"https://sklep.hard-pc.pl/p20699,zestaw-ryzen-5-8400f-rtx-5070-12gb-32gb-ddr5-1tb-ssd-650w-night-hunter.html",https://sklep.hard-pc.pl/galerie/76/7/zestaw-ryzen-7-7700-rx-9070-1_76729_k.jpg
Hard-PC.pl,"Zestaw | Ryzen 7 7700, RTX 5060 Ti 16GB, 2TB SSD, 32GB DDR5, 650W, Diaxid 605F",8199.0,Ryzen 7 7700,RTX 5060 Ti 16GB,32GB DDR5,2TB SSD,650W,"https://sklep.hard-pc.pl/p20897,zestaw-ryzen-7-7700-rtx-5060-ti-16gb-2tb-ssd-32gb-ddr5-650w-diaxid-605f.html",https://sklep.hard-pc.pl/galerie/68/1/obudowa-genesis-diaxid-605f-t_68126_k.jpg
Hard-PC.pl,"Zestaw | Ryzen 7 7800X3D, RTX 5060 TI 16GB, 32GB DDR5, 500GB SSD, 650W, G400 ARGB",8199.0,Ryzen 7 7800X3D,RTX 5060 TI 16GB,32GB DDR5,500GB SSD,650W,"https://sklep.hard-pc.pl/p22858,zestaw-ryzen-7-7800x3d-rtx-5060-ti-16gb-32gb-ddr5-500gb-ssd-650w-g400-argb.html",https://sklep.hard-pc.pl/galerie/82/1/zestaw-ryzen-7-7800x3d-rtx-50_82112_k.jpg
Hard-PC.pl,"Zestaw | Ryzen 7 7800X3D, RTX 5060 Ti 16GB, 32GB DDR5, 1TB SSD, 650W, Signum 300 ARGB",8199.0,Ryzen 7 7800X3D,RTX 5060 Ti 16GB,32GB DDR5,1TB SSD,650W,"https://sklep.hard-pc.pl/p19710,zestaw-ryzen-7-7800x3d-rtx-5060-ti-16gb-32gb-ddr5-1tb-ssd-650w-signum-300-argb.html",https://sklep.hard-pc.pl/galerie/50/8/obudowa-endorfy-signum-300-ar_50864_k.jpg
Hard-PC.pl,"Zestaw | Intel Ultra 5 245KF, RX 9070 16GB, 32GB DDR5, 1TB SSD, 850W, Nadir",8209.0,Intel Ultra 5 245KF,RX 9070 16GB,32GB DDR5,1TB SSD,850W,"https://sklep.hard-pc.pl/p19245,zestaw-intel-ultra-5-245kf-rx-9070-16gb-32gb-ddr5-1tb-ssd-850w-nadir.html",https://sklep.hard-pc.pl/galerie/66/3/zestaw-intel-i5-13400f-rtx-40_66308_k.jpg
Hard-PC.pl,"Zestaw | Intel I5-14600KF, RTX 5060 TI 16GB, 32GB DDR5, 1TB SSD, 850W, PANO 130R PZ ARGB Black",8239.0,Intel I5-14600KF,RTX 5060 TI 16GB,32GB DDR5,1TB SSD,850W,"https://sklep.hard-pc.pl/p20974,zestaw-intel-i5-14600kf-rtx-5060-ti-16gb-32gb-ddr5-1tb-ssd-850w-pano-130r-pz-argb-black.html",https://sklep.hard-pc.pl/galerie/81/6/zestaw-ryzen-9-9950x3d-rx-790_81681_k.jpg
Hard-PC.pl,"Zestaw | Ryzen 5 7500F, RX 9070 XT 16GB, 32GB DDR5, 1TB SSD, 850W, Night Hunter",8239.0,Ryzen 5 7500F,RX 9070 XT 16GB,32GB DDR5,1TB SSD,850W,"https://sklep.hard-pc.pl/p20704,zestaw-ryzen-5-7500f-rx-9070-xt-16gb-32gb-ddr5-1tb-ssd-850w-night-hunter.html",https://sklep.hard-pc.pl/galerie/76/7/zestaw-ryzen-7-7700-rx-9070-1_76729_k.jpg
Hard-PC.pl,"Zestaw | Ryzen 5 9600X, RX 9060 XT 16GB, 32GB DDR5, 1TB SSD, 850W, Signum 300 ARGB",8258.0,Ryzen 5 9600X,RX 9060 XT 16GB,32GB DDR5,1TB SSD,850W,"https://sklep.hard-pc.pl/p26365,zestaw-ryzen-5-9600x-rx-9060-xt-16gb-32gb-ddr5-1tb-ssd-850w-signum-300-argb.html",https://sklep.hard-pc.pl/galerie/50/8/obudowa-endorfy-signum-300-ar_50864_k.jpg
Hard-PC.pl,"Zestaw | Ryzen 7 7800X3D, RX 9060 XT 16GB, 32GB DDR5, 1TB SSD, 650W, Exo ARGB",8259.0,Ryzen 7 7800X3D,RX 9060 XT 16GB,32GB DDR5,1TB SSD,650W,"https://sklep.hard-pc.pl/p20266,zestaw-ryzen-7-7800x3d-rx-9060-xt-16gb-32gb-ddr5-1tb-ssd-650w-exo-argb.html",https://sklep.hard-pc.pl/galerie/73/8/obudowa-krux-exo-argb-black_73874_k.jpg
Hard-PC.pl,"Zestaw | Ryzen 5 7500F, RTX 5070 12GB, 32GB DDR5, 1TB SSD, 850W, Nadir",8269.0,Ryzen 5 7500F,RTX 5070 12GB,32GB DDR5,1TB SSD,850W,"https://sklep.hard-pc.pl/p19339,zestaw-ryzen-5-7500f-rtx-5070-12gb-32gb-ddr5-1tb-ssd-850w-nadir.html",https://sklep.hard-pc.pl/galerie/66/3/zestaw-intel-i5-13400f-rtx-40_66308_k.jpg
Hard-PC.pl,"Zestaw | Ryzen 5 7500F, RTX 5070 12GB, 32GB DDR5, 1TB SSD, 850W, Signum 300 ARGB",8269.0,Ryzen 5 7500F,RTX 5070 12GB,32GB DDR5,1TB SSD,850W,"https://sklep.hard-pc.pl/p20818,zestaw-ryzen-5-7500f-rtx-5070-12gb-32gb-ddr5-1tb-ssd-850w-signum-300-argb.html",https://sklep.hard-pc.pl/galerie/50/8/obudowa-endorfy-signum-300-ar_50864_k.jpg
Hard-PC.pl,"Zestaw | Ryzen 5 7500F, RTX 5070 12GB, 32GB DDR5, 1TB SSD, 650W, Night Hunter",8289.0,Ryzen 5 7500F,RTX 5070 12GB,32GB DDR5,1TB SSD,650W,"https://sklep.hard-pc.pl/p20539,zestaw-ryzen-5-7500f-rtx-5070-12gb-32gb-ddr5-1tb-ssd-650w-night-hunter.html",https://sklep.hard-pc.pl/galerie/76/7/zestaw-ryzen-7-7700-rx-9070-1_76729_k.jpg
Hard-PC.pl,"Zestaw | Ryzen 5 7500F, RTX 5070 12GB, 32GB DDR5, 1TB SSD, 850W, Signum 300 ARGB",8299.0,Ryzen 5 7500F,RTX 5070 12GB,32GB DDR5,1TB SSD,850W,"https://sklep.hard-pc.pl/p20820,zestaw-ryzen-5-7500f-rtx-5070-12gb-32gb-ddr5-1tb-ssd-850w-signum-300-argb.html",https://sklep.hard-pc.pl/galerie/50/8/obudowa-endorfy-signum-300-ar_50864_k.jpg
Hard-PC.pl,"Zestaw | Ryzen 5 7500F, RX 9070 XT 16GB, 32GB DDR5, 1TB SSD, 850W, ARX 700 ARGB",8299.0,Ryzen 5 7500F,RX 9070 XT 16GB,32GB DDR5,1TB SSD,850W,"https://sklep.hard-pc.pl/p19249,zestaw-ryzen-5-7500f-rx-9070-xt-16gb-32gb-ddr5-1tb-ssd-850w-arx-700-argb.html",https://sklep.hard-pc.pl/galerie/55/6/obudowa-endorfy-arx-700-argb_55620_k.jpg
Hard-PC.pl,"Zestaw | Ryzen 5 9500F, RTX 5070 12GB, 32GB DDR5, 500GB SSD, 650W, Hunter 2",8299.0,Ryzen 5 9500F,RTX 5070 12GB,32GB DDR5,500GB SSD,650W,"https://sklep.hard-pc.pl/p22784,zestaw-ryzen-5-9500f-rtx-5070-12gb-32gb-ddr5-500gb-ssd-650w-hunter-2.html",https://sklep.hard-pc.pl/galerie/81/7/zestaw-ryzen-5-7500f-rx-9060_81708_k.jpg
Hard-PC.pl,"Zestaw | Ryzen 7 7800X3D, RX 9060 XT 16GB, 32GB DDR5, 1TB SSD, Pano 130R PZ, 850W",8299.0,Ryzen 7 7800X3D,RX 9060 XT 16GB,32GB DDR5,1TB SSD,850W,"https://sklep.hard-pc.pl/p22635,zestaw-ryzen-7-7800x3d-rx-9060-xt-16gb-32gb-ddr5-1tb-ssd-pano-130r-pz-850w.html",https://sklep.hard-pc.pl/galerie/81/6/obudowa-msi-mag-pano-130r-pz_81680_k.jpg
Hard-PC.pl,"Zestaw | Ryzen 5 7500F, RTX 5070 12GB, 32GB DDR5, 1TB SSD, 650W, Night Hunter",8309.0,Ryzen 5 7500F,RTX 5070 12GB,32GB DDR5,1TB SSD,650W,"https://sklep.hard-pc.pl/p21208,zestaw-ryzen-5-7500f-rtx-5070-12gb-32gb-ddr5-1tb-ssd-650w-night-hunter.html",https://sklep.hard-pc.pl/galerie/78/2/zestaw-ryzen-5-7600x-rtx-5070_78210_k.jpg
Hard-PC.pl,"Zestaw | Intel Ultra 7 265KF, RX 9070 16GB, 32GB DDR5, 1TB SSD, 850W, Nadir",8319.0,Intel Ultra 7 265KF,RX 9070 16GB,32GB DDR5,1TB SSD,850W,"https://sklep.hard-pc.pl/p19246,zestaw-intel-ultra-7-265kf-rx-9070-16gb-32gb-ddr5-1tb-ssd-850w-nadir.html",https://sklep.hard-pc.pl/galerie/66/3/zestaw-intel-i5-13400f-rtx-40_66308_k.jpg
Hard-PC.pl,"Zestaw | Ryzen 5 8400F, RTX 5070 12GB, 32GB DDR5, 1000GB SSD, 650W, Stellar 5F ARGB White",8319.0,Ryzen 5 8400F,RTX 5070 12GB,32GB DDR5,1000GB SSD,650W,"https://sklep.hard-pc.pl/p20649,zestaw-ryzen-5-8400f-rtx-5070-12gb-32gb-ddr5-1000gb-ssd-650w-stellar-5f-argb-white.html",https://sklep.hard-pc.pl/galerie/74/7/obudowa-modecom-volcano-stell_74759_k.jpg
Hard-PC.pl,"Zestaw | Ryzen 5 7500F, RTX 5070 12GB, 32GB DDR5, 1TB SSD, 650W, Hunter 3",8339.0,Ryzen 5 7500F,RTX 5070 12GB,32GB DDR5,1TB SSD,650W,"https://sklep.hard-pc.pl/p20814,zestaw-ryzen-5-7500f-rtx-5070-12gb-32gb-ddr5-1tb-ssd-650w-hunter-3.html",https://sklep.hard-pc.pl/galerie/78/2/zestaw-ryzen-5-7600x-rtx-5070_78210_k.jpg
Hard-PC.pl,"Zestaw | Ryzen 5 7500F, RX 9070 XT 16GB, 32GB DDR5, 1TB SSD, 850W, Exo ARGB",8349.0,Ryzen 5 7500F,RX 9070 XT 16GB,32GB DDR5,1TB SSD,850W,"https://sklep.hard-pc.pl/p20471,zestaw-ryzen-5-7500f-rx-9070-xt-16gb-32gb-ddr5-1tb-ssd-850w-exo-argb.html",https://sklep.hard-pc.pl/galerie/73/8/obudowa-krux-exo-argb-black_73874_k.jpg
Hard-PC.pl,"Zestaw | Ryzen 5 7500F, RTX 5070 12GB, 32GB DDR5, 1TB SSD, 650W, PANO 130R PZ ARGB Black",8369.0,Ryzen 5 7500F,RTX 5070 12GB,32GB DDR5,1TB SSD,650W,"https://sklep.hard-pc.pl/p21394,zestaw-ryzen-5-7500f-rtx-5070-12gb-32gb-ddr5-1tb-ssd-650w-pano-130r-pz-argb-black.html",https://sklep.hard-pc.pl/galerie/81/6/zestaw-ryzen-9-9950x3d-rx-790_81681_k.jpg
Hard-PC.pl,"Zestaw | Ryzen 5 7500F, RTX 5070 12GB, 32GB DDR5, 1TB SSD, 850W, ARX 700 ARGB",8369.0,Ryzen 5 7500F,RTX 5070 12GB,32GB DDR5,1TB SSD,850W,"https://sklep.hard-pc.pl/p20689,zestaw-ryzen-5-7500f-rtx-5070-12gb-32gb-ddr5-1tb-ssd-850w-arx-700-argb.html",https://sklep.hard-pc.pl/galerie/55/6/obudowa-endorfy-arx-700-argb_55620_k.jpg
Hard-PC.pl,"Zestaw | Ryzen 5 7500F, RTX 5070 12GB, 32GB DDR5, 1TB SSD, 850W, Hunter 3",8369.0,Ryzen 5 7500F,RTX 5070 12GB,32GB DDR5,1TB SSD,850W,"https://sklep.hard-pc.pl/p21043,zestaw-ryzen-5-7500f-rtx-5070-12gb-32gb-ddr5-1tb-ssd-850w-hunter-3.html",https://sklep.hard-pc.pl/galerie/78/2/zestaw-ryzen-5-7600x-rtx-5070_78210_k.jpg
Hard-PC.pl,"Zestaw | Ryzen 7 7800X3D, RX 9070 16GB, 32GB DDR5, 1TB SSD, 850W, Pano 130R PZ",8369.0,Ryzen 7 7800X3D,RX 9070 16GB,32GB DDR5,1TB SSD,850W,"https://sklep.hard-pc.pl/p26200,zestaw-ryzen-7-7800x3d-rx-9070-16gb-32gb-ddr5-1tb-ssd-850w-pano-130r-pz.html",https://sklep.hard-pc.pl/galerie/81/6/zestaw-ryzen-9-9950x3d-rx-790_81681_k.jpg
Hard-PC.pl,"Zestaw | Ryzen 5 7500F, RTX 5070 12GB, 32GB DDR5, 1TB SSD, 850W, ARX 700 ARGB",8389.0,Ryzen 5 7500F,RTX 5070 12GB,32GB DDR5,1TB SSD,850W,"https://sklep.hard-pc.pl/p19386,zestaw-ryzen-5-7500f-rtx-5070-12gb-32gb-ddr5-1tb-ssd-850w-arx-700-argb.html",https://sklep.hard-pc.pl/galerie/55/6/obudowa-endorfy-arx-700-argb_55620_k.jpg
Hard-PC.pl,"Zestaw | Intel Ultra 7 265KF, RX 9070 16GB, 32GB DDR5, 1TB SSD, 850W, ARX 700 ARGB",8399.0,Intel Ultra 7 265KF,RX 9070 16GB,32GB DDR5,1TB SSD,850W,"https://sklep.hard-pc.pl/p19271,zestaw-intel-ultra-7-265kf-rx-9070-16gb-32gb-ddr5-1tb-ssd-850w-arx-700-argb.html",https://sklep.hard-pc.pl/galerie/55/6/obudowa-endorfy-arx-700-argb_55620_k.jpg
Hard-PC.pl,"Zestaw | Ryzen 5 7600, RTX 5070 12GB, 32GB DDR5, 1TB SSD, 850W, Nadir",8409.0,Ryzen 5 7600,RTX 5070 12GB,32GB DDR5,1TB SSD,850W,"https://sklep.hard-pc.pl/p19340,zestaw-ryzen-5-7600-rtx-5070-12gb-32gb-ddr5-1tb-ssd-850w-nadir.html",https://sklep.hard-pc.pl/galerie/66/3/zestaw-intel-i5-13400f-rtx-40_66308_k.jpg
Hard-PC.pl,"Zestaw | Ryzen 7600, RX 9070 XT 16GB, 1TB SSD, 32GB DDR5, 750W, Hunter",8429.0,Ryzen 7600,RX 9070 XT 16GB,32GB DDR5,1TB SSD,750W,"https://sklep.hard-pc.pl/p21143,zestaw-ryzen-7600-rx-9070-xt-16gb-1tb-ssd-32gb-ddr5-750w-hunter.html",https://sklep.hard-pc.pl/galerie/76/7/zestaw-ryzen-7-7700-rx-9070-1_76729_k.jpg
Hard-PC.pl,"Zestaw | Intel Ultra 5 245KF, RTX 5070 12GB, 32GB DDR5, 1TB SSD, 650W, Hunter 2 ARGB",8449.0,Intel Ultra 5 245KF,RTX 5070 12GB,32GB DDR5,1TB SSD,650W,"https://sklep.hard-pc.pl/p22816,zestaw-intel-ultra-5-245kf-rtx-5070-12gb-32gb-ddr5-1tb-ssd-650w-hunter-2-argb.html",https://sklep.hard-pc.pl/galerie/81/7/zestaw-ryzen-5-7500f-rx-9060_81708_k.jpg
Hard-PC.pl,"Zestaw | Ryzen 5 7500F, RTX 5070 12GB, 32GB DDR5, 1TB SSD, 650W, KRUX EXO",8449.0,Ryzen 5 7500F,RTX 5070 12GB,32GB DDR5,1TB SSD,650W,"https://sklep.hard-pc.pl/p21081,zestaw-ryzen-5-7500f-rtx-5070-12gb-32gb-ddr5-1tb-ssd-650w-krux-exo.html",https://sklep.hard-pc.pl/galerie/73/8/obudowa-krux-exo-argb-black_73877_k.jpg
Hard-PC.pl,"Zestaw | Ryzen 5 7600X, RTX 5070 12GB, 32GB DDR5, 1TB SSD, 850W, Nadir",8449.0,Ryzen 5 7600X,RTX 5070 12GB,32GB DDR5,1TB SSD,850W,"https://sklep.hard-pc.pl/p19341,zestaw-ryzen-5-7600x-rtx-5070-12gb-32gb-ddr5-1tb-ssd-850w-nadir.html",https://sklep.hard-pc.pl/galerie/66/3/zestaw-intel-i5-13400f-rtx-40_66308_k.jpg
Hard-PC.pl,"Zestaw | Ryzen 5 7500f, RX 9070 XT 16GB, 32GB DDR5, 1TB SSD, 850W, Pano 130R PZ",8459.0,Ryzen 5 7500f,RX 9070 XT 16GB,32GB DDR5,1TB SSD,850W,"https://sklep.hard-pc.pl/p22647,zestaw-ryzen-5-7500f-rx-9070-xt-16gb-32gb-ddr5-1tb-ssd-850w-pano-130r-pz.html",https://sklep.hard-pc.pl/galerie/81/6/zestaw-ryzen-9-9950x3d-rx-790_81681_k.jpg
Hard-PC.pl,"Zestaw | Ryzen 5 7500X3D, RTX 5070 12GB, 32GB DDR5, 500GB SSD, 650W, Signum 300 ARGB",8469.0,Ryzen 5 7500X3D,RTX 5070 12GB,32GB DDR5,500GB SSD,650W,"https://sklep.hard-pc.pl/p22746,zestaw-ryzen-5-7500x3d-rtx-5070-12gb-32gb-ddr5-500gb-ssd-650w-signum-300-argb.html",https://sklep.hard-pc.pl/galerie/50/8/obudowa-endorfy-signum-300-ar_50864_k.jpg
Hard-PC.pl,"Zestaw | Ryzen 7 7700, RX 9070 XT 16GB, 32GB DDR5, 1TB SSD, 850W, Night Hunter",8489.0,Ryzen 7 7700,RX 9070 XT 16GB,32GB DDR5,1TB SSD,850W,"https://sklep.hard-pc.pl/p22418,zestaw-ryzen-7-7700-rx-9070-xt-16gb-32gb-ddr5-1tb-ssd-850w-night-hunter.html",https://sklep.hard-pc.pl/galerie/76/7/zestaw-ryzen-7-7700-rx-9070-1_76729_k.jpg
Hard-PC.pl,"Zestaw | Ryzen 5 7500F, RTX 5070 12GB, 32GB DDR5, 1TB SSD, 850W, Stellar 5F PLUS ARGB White",8529.0,Ryzen 5 7500F,RTX 5070 12GB,32GB DDR5,1TB SSD,850W,"https://sklep.hard-pc.pl/p26168,zestaw-ryzen-5-7500f-rtx-5070-12gb-32gb-ddr5-1tb-ssd-850w-stellar-5f-plus-argb-white.html",https://sklep.hard-pc.pl/galerie/80/3/obudowa-modecom-volcano-stell_80349_k.jpg
Hard-PC.pl,"Zestaw | Ryzen 7 7800X3D, RTX 5070 12GB, 32GB DDR5, 750W, Hunter 3",8529.0,Ryzen 7 7800X3D,RTX 5070 12GB,32GB DDR5,,750W,"https://sklep.hard-pc.pl/p26222,zestaw-ryzen-7-7800x3d-rtx-5070-12gb-32gb-ddr5-750w-hunter-3.html",https://sklep.hard-pc.pl/galerie/78/2/zestaw-ryzen-5-7600x-rtx-5070_78210_k.jpg
Hard-PC.pl,"Zestaw | Intel Ultra 5 225F, RTX 5070 12GB, 32GB DDR5, 1TB SSD, 850W, Nadir",8549.0,Intel Ultra 5 225F,RTX 5070 12GB,32GB DDR5,1TB SSD,850W,"https://sklep.hard-pc.pl/p19421,zestaw-intel-ultra-5-225f-rtx-5070-12gb-32gb-ddr5-1tb-ssd-850w-nadir.html",https://sklep.hard-pc.pl/galerie/66/3/zestaw-intel-i5-13400f-rtx-40_66308_k.jpg
Hard-PC.pl,"Zestaw | Ryzen 5 7500F, RTX 5070 12GB, 32GB DDR5, 1TB SSD, 650W, Night Hunter",8549.0,Ryzen 5 7500F,RTX 5070 12GB,32GB DDR5,1TB SSD,650W,"https://sklep.hard-pc.pl/p20784,zestaw-ryzen-5-7500f-rtx-5070-12gb-32gb-ddr5-1tb-ssd-650w-night-hunter.html",https://sklep.hard-pc.pl/galerie/76/7/zestaw-ryzen-7-7700-rx-9070-1_76729_k.jpg
Hard-PC.pl,"Zestaw | Ryzen 5 7600, RTX 5070 12GB, 32GB DDR5, 1TB SSD, 850W, ARX 700 ARGB",8549.0,Ryzen 5 7600,RTX 5070 12GB,32GB DDR5,1TB SSD,850W,"https://sklep.hard-pc.pl/p19387,zestaw-ryzen-5-7600-rtx-5070-12gb-32gb-ddr5-1tb-ssd-850w-arx-700-argb.html",https://sklep.hard-pc.pl/galerie/55/6/obudowa-endorfy-arx-700-argb_55620_k.jpg
Hard-PC.pl,"Zestaw | Ryzen 5 7600X, RTX 5070 12GB, 32GB DDR5, 1TB SSD, 850W, ARX 700 ARGB",8549.0,Ryzen 5 7600X,RTX 5070 12GB,32GB DDR5,1TB SSD,850W,"https://sklep.hard-pc.pl/p19388,zestaw-ryzen-5-7600x-rtx-5070-12gb-32gb-ddr5-1tb-ssd-850w-arx-700-argb.html",https://sklep.hard-pc.pl/galerie/55/6/obudowa-endorfy-arx-700-argb_55620_k.jpg
Hard-PC.pl,"Zestaw | Ryzen 7 7700, RTX 5070 12GB, 32GB DDR5, 1TB SSD, 850W, Nadir",8549.0,Ryzen 7 7700,RTX 5070 12GB,32GB DDR5,1TB SSD,850W,"https://sklep.hard-pc.pl/p19342,zestaw-ryzen-7-7700-rtx-5070-12gb-32gb-ddr5-1tb-ssd-850w-nadir.html",https://sklep.hard-pc.pl/galerie/66/3/zestaw-intel-i5-13400f-rtx-40_66308_k.jpg
Hard-PC.pl,"Zestaw | Intel Ultra 5 245KF, RX 9070 16GB, 32GB DDR5, 1TB SSD, 850W, ARX 700 ARGB",8559.0,Intel Ultra 5 245KF,RX 9070 16GB,32GB DDR5,1TB SSD,850W,"https://sklep.hard-pc.pl/p19270,zestaw-intel-ultra-5-245kf-rx-9070-16gb-32gb-ddr5-1tb-ssd-850w-arx-700-argb.html",https://sklep.hard-pc.pl/galerie/55/6/obudowa-endorfy-arx-700-argb_55620_k.jpg
Hard-PC.pl,"Zestaw | Ryzen 7 7800X3D, RX 9070 XT 16GB, 32GB DDR5, 850W, Pano 130R PZ",8559.0,Ryzen 7 7800X3D,RX 9070 XT 16GB,32GB DDR5,,850W,"https://sklep.hard-pc.pl/p25855,zestaw-ryzen-7-7800x3d-rx-9070-xt-16gb-32gb-ddr5-850w-pano-130r-pz.html",https://sklep.hard-pc.pl/galerie/81/6/zestaw-ryzen-9-9950x3d-rx-790_81681_k.jpg
Hard-PC.pl,"Zestaw | Ryzen 7 7700, RTX 5070 12GB, 32GB DDR5, 1TB SSD, 850W, Night Hunter",8569.0,Ryzen 7 7700,RTX 5070 12GB,32GB DDR5,1TB SSD,850W,"https://sklep.hard-pc.pl/p21050,zestaw-ryzen-7-7700-rtx-5070-12gb-32gb-ddr5-1tb-ssd-850w-night-hunter.html",https://sklep.hard-pc.pl/galerie/76/7/zestaw-ryzen-7-7700-rx-9070-1_76729_k.jpg
Hard-PC.pl,"Zestaw | Ryzen 5 7500F, RTX 5070 12GB, 32GB DDR5, 1TB SSD, 650W, PANO 130R PZ ARGB Black",8599.0,Ryzen 5 7500F,RTX 5070 12GB,32GB DDR5,1TB SSD,650W,"https://sklep.hard-pc.pl/p21139,zestaw-ryzen-5-7500f-rtx-5070-12gb-32gb-ddr5-1tb-ssd-650w-pano-130r-pz-argb-black.html",https://sklep.hard-pc.pl/galerie/81/6/zestaw-ryzen-9-9950x3d-rx-790_81681_k.jpg
Hard-PC.pl,"Zestaw | Ryzen 5 7500X3D, RTX 5070 12GB, 32GB DDR5, 500GB SSD, 650W, Pano 130R ARGB",8599.0,Ryzen 5 7500X3D,RTX 5070 12GB,32GB DDR5,500GB SSD,650W,"https://sklep.hard-pc.pl/p22773,zestaw-ryzen-5-7500x3d-rtx-5070-12gb-32gb-ddr5-500gb-ssd-650w-pano-130r-argb.html",https://sklep.hard-pc.pl/galerie/81/6/obudowa-msi-mag-pano-130r-pz_81680_k.jpg
Hard-PC.pl,"Zestaw | Ryzen 7 7800X3D, RTX 5070 12GB, 32GB DDR5, 500GB SSD, 650W, Pano 130R ARGB",8599.0,Ryzen 7 7800X3D,RTX 5070 12GB,32GB DDR5,500GB SSD,650W,"https://sklep.hard-pc.pl/p22766,zestaw-ryzen-7-7800x3d-rtx-5070-12gb-32gb-ddr5-500gb-ssd-650w-pano-130r-argb.html",https://sklep.hard-pc.pl/galerie/85/1/zestaw-ryzen-7-7800x3d-rtx-50_85162_k.jpg
Hard-PC.pl,"Zestaw | Ryzen 7 7700, RTX 5070 12GB, 32GB DDR5, 1TB SSD, 850W, Palum",8609.0,Ryzen 7 7700,RTX 5070 12GB,32GB DDR5,1TB SSD,850W,"https://sklep.hard-pc.pl/p19934,zestaw-ryzen-7-7700-rtx-5070-12gb-32gb-ddr5-1tb-ssd-850w-palum.html",https://sklep.hard-pc.pl/galerie/73/9/obudowa-krux-palum-black_73934_k.jpg
Hard-PC.pl,"Zestaw | Ryzen 5 9600X, RTX 5070 12GB, 32GB DDR5, 1TB SSD, 850W, Night Hunter",8619.0,Ryzen 5 9600X,RTX 5070 12GB,32GB DDR5,1TB SSD,850W,"https://sklep.hard-pc.pl/p20807,zestaw-ryzen-5-9600x-rtx-5070-12gb-32gb-ddr5-1tb-ssd-850w-night-hunter.html",https://sklep.hard-pc.pl/galerie/76/7/zestaw-ryzen-7-7700-rx-9070-1_76729_k.jpg
Hard-PC.pl,"Zestaw | Intel I7-14700KF, RTX 5060 Ti 16GB, 32GB DDR5, 1TB SSD, 850W, Nadir",8629.0,Intel I7-14700KF,RTX 5060 Ti 16GB,32GB DDR5,1TB SSD,850W,"https://sklep.hard-pc.pl/p20871,zestaw-intel-i7-14700kf-rtx-5060-ti-16gb-32gb-ddr5-1tb-ssd-850w-nadir.html",https://sklep.hard-pc.pl/galerie/66/3/zestaw-intel-i5-13400f-rtx-40_66308_k.jpg
Hard-PC.pl,"Zestaw | Intel I7-14700KF, RX 9070 16GB, 32GB DDR5, 1TB SSD, 850W, Nadir",8629.0,Intel I7-14700KF,RX 9070 16GB,32GB DDR5,1TB SSD,850W,"https://sklep.hard-pc.pl/p19244,zestaw-intel-i7-14700kf-rx-9070-16gb-32gb-ddr5-1tb-ssd-850w-nadir.html",https://sklep.hard-pc.pl/galerie/66/3/zestaw-intel-i5-13400f-rtx-40_66308_k.jpg
Hard-PC.pl,"Zestaw | Ryzen 7 7700, RX 9070 XT 16GB, 32GB DDR5, 1TB SSD, 850W, Diaxid 605 ARGB",8629.0,Ryzen 7 7700,RX 9070 XT 16GB,32GB DDR5,1TB SSD,850W,"https://sklep.hard-pc.pl/p20946,zestaw-ryzen-7-7700-rx-9070-xt-16gb-32gb-ddr5-1tb-ssd-850w-diaxid-605-argb.html",https://sklep.hard-pc.pl/galerie/68/1/obudowa-genesis-diaxid-605-ar_68146_k.jpg
Hard-PC.pl,"Zestaw | Ryzen 9 7900, RX 9070 16GB, 32GB DDR5, 1TB SSD, 850W, Nadir",8629.0,Ryzen 9 7900,RX 9070 16GB,32GB DDR5,1TB SSD,850W,"https://sklep.hard-pc.pl/p19242,zestaw-ryzen-9-7900-rx-9070-16gb-32gb-ddr5-1tb-ssd-850w-nadir.html",https://sklep.hard-pc.pl/galerie/66/3/zestaw-intel-i5-13400f-rtx-40_66308_k.jpg
Hard-PC.pl,"Zestaw | Ryzen 7 9800X3D, RTX 5060 Ti 16GB, 32GB DDR5, 1TB SSD, 650W, Signum 300 ARGB",8639.0,Ryzen 7 9800X3D,RTX 5060 Ti 16GB,32GB DDR5,1TB SSD,650W,"https://sklep.hard-pc.pl/p19711,zestaw-ryzen-7-9800x3d-rtx-5060-ti-16gb-32gb-ddr5-1tb-ssd-650w-signum-300-argb.html",https://sklep.hard-pc.pl/galerie/50/8/obudowa-endorfy-signum-300-ar_50864_k.jpg
Hard-PC.pl,"Zestaw | Rryzen 5 7500f, RTX 5070 12GB, 32GB DDR5, 1TB SSD, 850W, PANO 130R PZ ARGB Black",8649.0,Rryzen 5 7500f,RTX 5070 12GB,32GB DDR5,1TB SSD,850W,"https://sklep.hard-pc.pl/p20806,zestaw-rryzen-5-7500f-rtx-5070-12gb-32gb-ddr5-1tb-ssd-850w-pano-130r-pz-argb-black.html",https://sklep.hard-pc.pl/galerie/81/6/zestaw-ryzen-9-9950x3d-rx-790_81681_k.jpg
Hard-PC.pl,"Zestaw | Ryzen 7 7700, RTX 5070 12GB, 32GB DDR5, 1TB SSD, 650W, Night Hunter",8649.0,Ryzen 7 7700,RTX 5070 12GB,32GB DDR5,1TB SSD,650W,"https://sklep.hard-pc.pl/p20716,zestaw-ryzen-7-7700-rtx-5070-12gb-32gb-ddr5-1tb-ssd-650w-night-hunter.html",https://sklep.hard-pc.pl/galerie/76/7/zestaw-ryzen-7-7700-rx-9070-1_76729_k.jpg
Hard-PC.pl,"Zestaw | Ryzen 7 7700, RTX 5070 12GB, 32GB DDR5, 1TB SSD, 850W, ARX 700 ARGB",8649.0,Ryzen 7 7700,RTX 5070 12GB,32GB DDR5,1TB SSD,850W,"https://sklep.hard-pc.pl/p19390,zestaw-ryzen-7-7700-rtx-5070-12gb-32gb-ddr5-1tb-ssd-850w-arx-700-argb.html",https://sklep.hard-pc.pl/galerie/55/6/obudowa-endorfy-arx-700-argb_55620_k.jpg
Hard-PC.pl,"Zestaw | Intel Ultra 5 225F, RTX 5070 12GB, 32GB DDR5, 1TB SSD, 850W, ARX 700 ARGB",8669.0,Intel Ultra 5 225F,RTX 5070 12GB,32GB DDR5,1TB SSD,850W,"https://sklep.hard-pc.pl/p19422,zestaw-intel-ultra-5-225f-rtx-5070-12gb-32gb-ddr5-1tb-ssd-850w-arx-700-argb.html",https://sklep.hard-pc.pl/galerie/55/6/obudowa-endorfy-arx-700-argb_55620_k.jpg
Hard-PC.pl,"Zestaw | Ryzen 7 7800X3D, RX 9070 16GB, 32GB DDR5, 1TB SSD, 850W, Nadir",8669.0,Ryzen 7 7800X3D,RX 9070 16GB,32GB DDR5,1TB SSD,850W,"https://sklep.hard-pc.pl/p19236,zestaw-ryzen-7-7800x3d-rx-9070-16gb-32gb-ddr5-1tb-ssd-850w-nadir.html",https://sklep.hard-pc.pl/galerie/66/3/zestaw-intel-i5-13400f-rtx-40_66308_k.jpg
Hard-PC.pl,"Zestaw | Ryzen 7 7700, RTX 5070 12GB, 32GB DDR5, 1TB SSD, 850W, Exo ARGB",8689.0,Ryzen 7 7700,RTX 5070 12GB,32GB DDR5,1TB SSD,850W,"https://sklep.hard-pc.pl/p19661,zestaw-ryzen-7-7700-rtx-5070-12gb-32gb-ddr5-1tb-ssd-850w-exo-argb.html",https://sklep.hard-pc.pl/galerie/71/0/zestaw-intel-i5-14600kf-rtx-4_71013_k.jpg
Hard-PC.pl,"Zestaw | Ryzen 7 7700, RX 9070 XT 16GB, 32GB DDR5, 1TB SSD, 850W, Pano 130R PZ",8699.0,Ryzen 7 7700,RX 9070 XT 16GB,32GB DDR5,1TB SSD,850W,"https://sklep.hard-pc.pl/p22646,zestaw-ryzen-7-7700-rx-9070-xt-16gb-32gb-ddr5-1tb-ssd-850w-pano-130r-pz.html",https://sklep.hard-pc.pl/galerie/81/6/zestaw-ryzen-9-9950x3d-rx-790_81681_k.jpg
Hard-PC.pl,"Zestaw | Ryzen 7 7800X3D, RX 9060 XT 16GB, 32GB DDR5, 1TB SSD, 850W, Pano 130 ARGB",8699.0,Ryzen 7 7800X3D,RX 9060 XT 16GB,32GB DDR5,1TB SSD,850W,"https://sklep.hard-pc.pl/p26391,zestaw-ryzen-7-7800x3d-rx-9060-xt-16gb-32gb-ddr5-1tb-ssd-850w-pano-130-argb.html",https://sklep.hard-pc.pl/galerie/83/0/zestaw-ryzen-5-7500x3d-rtx-50_83007_k.jpg
Hard-PC.pl,"Zestaw | Ryzen 7 7800X3D, RTX 5070 12GB, 32GB DDR5, 500GB SSD, 650W, Hunter 2",8719.0,Ryzen 7 7800X3D,RTX 5070 12GB,32GB DDR5,500GB SSD,650W,"https://sklep.hard-pc.pl/p22758,zestaw-ryzen-7-7800x3d-rtx-5070-12gb-32gb-ddr5-500gb-ssd-650w-hunter-2.html",https://sklep.hard-pc.pl/galerie/81/7/zestaw-ryzen-5-7500f-rx-9060_81708_k.jpg
Hard-PC.pl,"Zestaw | Intel Ultra 5 245KF, RTX 5070 12GB, 32GB DDR5, 1TB SSD, 850W, Nadir",8729.0,Intel Ultra 5 245KF,RTX 5070 12GB,32GB DDR5,1TB SSD,850W,"https://sklep.hard-pc.pl/p19348,zestaw-intel-ultra-5-245kf-rtx-5070-12gb-32gb-ddr5-1tb-ssd-850w-nadir.html",https://sklep.hard-pc.pl/galerie/66/3/zestaw-intel-i5-13400f-rtx-40_66308_k.jpg
Hard-PC.pl,"Zestaw | Ryzen 9 7900, RX 9070 16GB, 32GB DDR5, 1TB SSD, 850W, ARX 700 ARGB",8729.0,Ryzen 9 7900,RX 9070 16GB,32GB DDR5,1TB SSD,850W,"https://sklep.hard-pc.pl/p19267,zestaw-ryzen-9-7900-rx-9070-16gb-32gb-ddr5-1tb-ssd-850w-arx-700-argb.html",https://sklep.hard-pc.pl/galerie/55/6/obudowa-endorfy-arx-700-argb_55620_k.jpg
Hard-PC.pl,"Zestaw | Intel I5 14600K, RTX 5060 TI 16GB, 32GB DDR5, 2TB SSD, 850W, nadir",8739.0,Intel I5 14600K,RTX 5060 TI 16GB,32GB DDR5,2TB SSD,850W,"https://sklep.hard-pc.pl/p26152,zestaw-intel-i5-14600k-rtx-5060-ti-16gb-32gb-ddr5-2tb-ssd-850w-nadir.html",https://sklep.hard-pc.pl/galerie/66/3/obudowa-krux-nadir-tempered-g_66354_k.jpg
Hard-PC.pl,"Zestaw | Ryzen 5 7500X3D, RTX 5070 12GB, 32GB DDR5, 1TB SSD, 650W, Pano 130R ARGB",8739.0,Ryzen 5 7500X3D,RTX 5070 12GB,32GB DDR5,1TB SSD,650W,"https://sklep.hard-pc.pl/p22848,zestaw-ryzen-5-7500x3d-rtx-5070-12gb-32gb-ddr5-1tb-ssd-650w-pano-130r-argb.html",https://sklep.hard-pc.pl/galerie/81/6/obudowa-msi-mag-pano-130r-pz_81680_k.jpg
Hard-PC.pl,"Zestaw | Ryzen 5 7500X3D, RX 9070 XT 16GB, 32GB DDR5, 1TB SSD, 850W, Pano 130R PZ",8749.0,Ryzen 5 7500X3D,RX 9070 XT 16GB,32GB DDR5,1TB SSD,850W,"https://sklep.hard-pc.pl/p22742,zestaw-ryzen-5-7500x3d-rx-9070-xt-16gb-32gb-ddr5-1tb-ssd-850w-pano-130r-pz.html",https://sklep.hard-pc.pl/galerie/81/6/zestaw-ryzen-9-9950x3d-rx-790_81681_k.jpg
Hard-PC.pl,"Zestaw | Ryzen 7 7700, RTX 5070 12GB, 32GB DDR5, 1TB SSD, 850W, PANO 130R PZ ARGB Black",8749.0,Ryzen 7 7700,RTX 5070 12GB,32GB DDR5,1TB SSD,850W,"https://sklep.hard-pc.pl/p20758,zestaw-ryzen-7-7700-rtx-5070-12gb-32gb-ddr5-1tb-ssd-850w-pano-130r-pz-argb-black.html",https://sklep.hard-pc.pl/galerie/81/6/zestaw-ryzen-9-9950x3d-rx-790_81681_k.jpg
Hard-PC.pl,"Zestaw | Ryzen 7 7700, RTX 5070 12GB, 32GB DDR5, 1TB SSD, Night Hunter, 850W",8749.0,Ryzen 7 7700,RTX 5070 12GB,32GB DDR5,1TB SSD,850W,"https://sklep.hard-pc.pl/p20388,zestaw-ryzen-7-7700-rtx-5070-12gb-32gb-ddr5-1tb-ssd-night-hunter-850w.html",https://sklep.hard-pc.pl/galerie/76/7/zestaw-ryzen-7-7700-rx-9070-1_76729_k.jpg
Hard-PC.pl,"Zestaw | Intel Ultra 5 245KF, RX 9070 XT 16GB, 32GB DDR5, 1TB SSD, 850W, ARX 700 ARGB",8759.0,Intel Ultra 5 245KF,RX 9070 XT 16GB,32GB DDR5,1TB SSD,850W,"https://sklep.hard-pc.pl/p19258,zestaw-intel-ultra-5-245kf-rx-9070-xt-16gb-32gb-ddr5-1tb-ssd-850w-arx-700-argb.html",https://sklep.hard-pc.pl/galerie/55/6/obudowa-endorfy-arx-700-argb_55620_k.jpg
Hard-PC.pl,"Zestaw | Ryzen 7 7800X3D, RX 9070 16GB, 32GB DDR5, 1TB SSD, 850W, ARX 700 ARGB",8769.0,Ryzen 7 7800X3D,RX 9070 16GB,32GB DDR5,1TB SSD,850W,"https://sklep.hard-pc.pl/p19260,zestaw-ryzen-7-7800x3d-rx-9070-16gb-32gb-ddr5-1tb-ssd-850w-arx-700-argb.html",https://sklep.hard-pc.pl/galerie/55/6/obudowa-endorfy-arx-700-argb_55620_k.jpg
Hard-PC.pl,"Zestaw Powered by MSI | Ryzen 7500F, RTX 5070 12GB, 32GB DDR5, 1TB SSD, 850W, Pano 130R PZ",8779.0,Ryzen 7500F,RTX 5070 12GB,32GB DDR5,1TB SSD,850W,"https://sklep.hard-pc.pl/p22648,zestaw-powered-by-msi-ryzen-7500f-rtx-5070-12gb-32gb-ddr5-1tb-ssd-850w-pano-130r-pz.html",https://sklep.hard-pc.pl/galerie/81/8/powered-by-msi-ryzen-7-7800x3_81847_k.jpg
Hard-PC.pl,"Zestaw | Ryzen 7 9800X3D, RTX 5060 Ti 8GB. 32GB DDR5, 1TB SSD, 850W, Night Hunter",8789.0,Ryzen 7 9800X3D,RTX 5060 Ti 8GB,32GB DDR5,1TB SSD,850W,"https://sklep.hard-pc.pl/p26173,zestaw-ryzen-7-9800x3d-rtx-5060-ti-8gb-32gb-ddr5-1tb-ssd-850w-night-hunter.html",https://sklep.hard-pc.pl/galerie/76/7/zestaw-ryzen-7-7700-rx-9070-1_76729_k.jpg
Hard-PC.pl,"Zestaw | Ryzen 7 7800X3D, RX 9060 XT 16GB, 32GB DDR5, 2TB SSD, 650W, Signum 300 ARGB",8799.0,Ryzen 7 7800X3D,RX 9060 XT 16GB,32GB DDR5,2TB SSD,650W,"https://sklep.hard-pc.pl/p20750,zestaw-ryzen-7-7800x3d-rx-9060-xt-16gb-32gb-ddr5-2tb-ssd-650w-signum-300-argb.html",https://sklep.hard-pc.pl/galerie/50/8/obudowa-endorfy-signum-300-ar_50864_k.jpg
Hard-PC.pl,"Zestaw | Ryzen 5 7500f, RTX 5070 12GB, 32GB DDR5, 1TB SSD, 850W, Stellar ARGB",8809.0,Ryzen 5 7500f,RTX 5070 12GB,32GB DDR5,1TB SSD,850W,"https://sklep.hard-pc.pl/p26377,zestaw-ryzen-5-7500f-rtx-5070-12gb-32gb-ddr5-1tb-ssd-850w-stellar-argb.html",https://sklep.hard-pc.pl/galerie/74/7/obudowa-modecom-volcano-stell_74742_k.jpg
Hard-PC.pl,"Zestaw | Ryzen 7 7800X3D, RTX 5070 12GB, 32GB DDR5, 1TB SSD, 650W, Pano 130R ARGB",8819.0,Ryzen 7 7800X3D,RTX 5070 12GB,32GB DDR5,1TB SSD,650W,"https://sklep.hard-pc.pl/p26218,zestaw-ryzen-7-7800x3d-rtx-5070-12gb-32gb-ddr5-1tb-ssd-650w-pano-130r-argb.html",https://sklep.hard-pc.pl/galerie/81/6/obudowa-msi-mag-pano-130r-pz_81680_k.jpg
Hard-PC.pl,"Zestaw | Intel I5-14600KF, RTX 5070 12GB, 32GB DDR5, 1TB SSD, 850W, Nadir",8829.0,Intel I5-14600KF,RTX 5070 12GB,32GB DDR5,1TB SSD,850W,"https://sklep.hard-pc.pl/p19346,zestaw-intel-i5-14600kf-rtx-5070-12gb-32gb-ddr5-1tb-ssd-850w-nadir.html",https://sklep.hard-pc.pl/galerie/66/3/zestaw-intel-i5-13400f-rtx-40_66308_k.jpg
Hard-PC.pl,"Zestaw | Intel Ultra 5 245KF, RTX 5070 12GB, 32GB DDR5, 1TB SSD, 850W, ARX 700 ARGB",8829.0,Intel Ultra 5 245KF,RTX 5070 12GB,32GB DDR5,1TB SSD,850W,"https://sklep.hard-pc.pl/p19395,zestaw-intel-ultra-5-245kf-rtx-5070-12gb-32gb-ddr5-1tb-ssd-850w-arx-700-argb.html",https://sklep.hard-pc.pl/galerie/55/6/obudowa-endorfy-arx-700-argb_55620_k.jpg
Hard-PC.pl,"Zestaw | Ryzen 5 9600X, RTX 5070 12GB, 32GB DDR5, 1TB SSD, 850W, Stellar 5F ARGB",8849.0,Ryzen 5 9600X,RTX 5070 12GB,32GB DDR5,1TB SSD,850W,"https://sklep.hard-pc.pl/p21130,zestaw-ryzen-5-9600x-rtx-5070-12gb-32gb-ddr5-1tb-ssd-850w-stellar-5f-argb.html",https://sklep.hard-pc.pl/galerie/74/7/obudowa-modecom-volcano-stell_74743_k.jpg
Hard-PC.pl,"Zestaw | Ryzen 7 7700, RTX 5070 12GB, 32GB DDR5, 1TB SSD, ARX 700 ARGB, 850W",8849.0,Ryzen 7 7700,RTX 5070 12GB,32GB DDR5,1TB SSD,850W,"https://sklep.hard-pc.pl/p20396,zestaw-ryzen-7-7700-rtx-5070-12gb-32gb-ddr5-1tb-ssd-arx-700-argb-850w.html",https://sklep.hard-pc.pl/galerie/55/6/obudowa-endorfy-arx-700-argb_55620_k.jpg
Hard-PC.pl,"Zestaw | Ryzen 5 7500F, RTX 5070 12GB, 32GB DDR5, 2TB SSD, 750W, Stellar 5F ARGB",8859.0,Ryzen 5 7500F,RTX 5070 12GB,32GB DDR5,2TB SSD,750W,"https://sklep.hard-pc.pl/p25985,zestaw-ryzen-5-7500f-rtx-5070-12gb-32gb-ddr5-2tb-ssd-750w-stellar-5f-argb.html",https://sklep.hard-pc.pl/galerie/79/7/obudowa-modecom-volcano-stell_79750_k.jpg
Hard-PC.pl,"Zestaw | Rryzen 7 7700, RTX 5070 12GB, 32GB DDR5, 1TB SSD, 850W, PANO 130R PZ ARGB Black",8879.0,Rryzen 7 7700,RTX 5070 12GB,32GB DDR5,1TB SSD,850W,"https://sklep.hard-pc.pl/p21052,zestaw-rryzen-7-7700-rtx-5070-12gb-32gb-ddr5-1tb-ssd-850w-pano-130r-pz-argb-black.html",https://sklep.hard-pc.pl/galerie/81/6/zestaw-ryzen-9-9950x3d-rx-790_81681_k.jpg
Hard-PC.pl,"Zestaw | Ryzen 5 7500F, RTX 5070 12GB , 32GB DDR5, 1TB SSD, 850W, Fishtank 6000",8899.0,Ryzen 5 7500F,RTX 5070 12GB,32GB DDR5,1TB SSD,850W,"https://sklep.hard-pc.pl/p26346,zestaw-ryzen-5-7500f-rtx-5070-12gb-32gb-ddr5-1tb-ssd-850w-fishtank-6000.html",https://sklep.hard-pc.pl/galerie/84/8/obudowa-endorfy-fishtank-6000_84840_k.jpg
Hard-PC.pl,"Zestaw | Ryzen 7 7700, RTX 5070 12GB, 32GB DDR5, 1TB SSD, 850W, Night Hunter",8899.0,Ryzen 7 7700,RTX 5070 12GB,32GB DDR5,1TB SSD,850W,"https://sklep.hard-pc.pl/p26454,zestaw-ryzen-7-7700-rtx-5070-12gb-32gb-ddr5-1tb-ssd-850w-night-hunter.html",https://sklep.hard-pc.pl/galerie/76/7/zestaw-ryzen-7-7700-rx-9070-1_76729_k.jpg
Hard-PC.pl,"Zestaw | Ryzen 7 7800X3D, RTX 5070 12GB, 32GB DDR5, 1TB SSD, 650W, Pano 130R ARGB",8899.0,Ryzen 7 7800X3D,RTX 5070 12GB,32GB DDR5,1TB SSD,650W,"https://sklep.hard-pc.pl/p26223,zestaw-ryzen-7-7800x3d-rtx-5070-12gb-32gb-ddr5-1tb-ssd-650w-pano-130r-argb.html",https://sklep.hard-pc.pl/galerie/81/6/obudowa-msi-mag-pano-130r-pz_81680_k.jpg
Hard-PC.pl,"Zestaw | Intel I5 14600KF, RTX 5070 12GB, 32GB DDR5, 1TB SSD, 850W, PANO 130R PZ ARGB Black",8909.0,Intel I5 14600KF,RTX 5070 12GB,32GB DDR5,1TB SSD,850W,"https://sklep.hard-pc.pl/p20865,zestaw-intel-i5-14600kf-rtx-5070-12gb-32gb-ddr5-1tb-ssd-850w-pano-130r-pz-argb-black.html",https://sklep.hard-pc.pl/galerie/81/6/zestaw-ryzen-9-9950x3d-rx-790_81681_k.jpg
Hard-PC.pl,"Zestaw | Intel I5-14600KF, RTX 5070 12GB, 32GB DDR5, 1TB SSD, 850W, ARX 700 ARGB",8929.0,Intel I5-14600KF,RTX 5070 12GB,32GB DDR5,1TB SSD,850W,"https://sklep.hard-pc.pl/p19393,zestaw-intel-i5-14600kf-rtx-5070-12gb-32gb-ddr5-1tb-ssd-850w-arx-700-argb.html",https://sklep.hard-pc.pl/galerie/55/6/obudowa-endorfy-arx-700-argb_55620_k.jpg
Hard-PC.pl,"Zestaw | Intel I5-14600KF, RX 9070 XT 16GB, 32GB DDR5, 1TB SSD, 850W, ARX 700 ARGB",8939.0,Intel I5-14600KF,RX 9070 XT 16GB,32GB DDR5,1TB SSD,850W,"https://sklep.hard-pc.pl/p19256,zestaw-intel-i5-14600kf-rx-9070-xt-16gb-32gb-ddr5-1tb-ssd-850w-arx-700-argb.html",https://sklep.hard-pc.pl/galerie/55/6/obudowa-endorfy-arx-700-argb_55620_k.jpg
Hard-PC.pl,"Zestaw Redragon | Ryzen 5 7500X3D, RTX 5070 12GB, 32GB DDR5, 1TB SSD, 850W, GC 623 ARGB",8949.0,Ryzen 5 7500X3D,RTX 5070 12GB,32GB DDR5,1TB SSD,850W,"https://sklep.hard-pc.pl/p25993,zestaw-redragon-ryzen-5-7500x3d-rtx-5070-12gb-32gb-ddr5-1tb-ssd-850w-gc-623-argb.html",https://sklep.hard-pc.pl/galerie/78/0/obudowa-redragon-gc-623-pro-e_78076_k.jpg
Hard-PC.pl,"Zestaw | Ryzen 7 7800X3D, RX 9070 XT 16GB, 32GB DDR5, 1TB SSD, 850W, ARX 700 ARGB",8949.0,Ryzen 7 7800X3D,RX 9070 XT 16GB,32GB DDR5,1TB SSD,850W,"https://sklep.hard-pc.pl/p22835,zestaw-ryzen-7-7800x3d-rx-9070-xt-16gb-32gb-ddr5-1tb-ssd-850w-arx-700-argb.html",https://sklep.hard-pc.pl/galerie/55/6/obudowa-endorfy-arx-700-argb_55620_k.jpg
Hard-PC.pl,"Zestaw | Intel I5 14600KF, RTX 5070 12GB, 32GB DDR5, 1TB SSD, 850W, Vector V100 ARGB White",8979.0,Intel I5 14600KF,RTX 5070 12GB,32GB DDR5,1TB SSD,850W,"https://sklep.hard-pc.pl/p22544,zestaw-intel-i5-14600kf-rtx-5070-12gb-32gb-ddr5-1tb-ssd-850w-vector-v100-argb-white.html",https://sklep.hard-pc.pl/galerie/77/5/obudowa-lian-li-vector-v100-r_77538_k.jpg
Hard-PC.pl,"Zestaw | Intel I5 14600KF, RX 9070 XT 16GB, 32GB DDR5, 1TB SSD, 850W, PANO 130R PZ ARGB Black",8979.0,Intel I5 14600KF,RX 9070 XT 16GB,32GB DDR5,1TB SSD,850W,"https://sklep.hard-pc.pl/p20868,zestaw-intel-i5-14600kf-rx-9070-xt-16gb-32gb-ddr5-1tb-ssd-850w-pano-130r-pz-argb-black.html",https://sklep.hard-pc.pl/galerie/81/6/zestaw-ryzen-9-9950x3d-rx-790_81681_k.jpg
Hard-PC.pl,"Zestaw | Ryzen 7 7700, RTX 5070 12GB, 32GB DDR5, 1TB SSD, 750W, Exo ARGB",8989.0,Ryzen 7 7700,RTX 5070 12GB,32GB DDR5,1TB SSD,750W,"https://sklep.hard-pc.pl/p19847,zestaw-ryzen-7-7700-rtx-5070-12gb-32gb-ddr5-1tb-ssd-750w-exo-argb.html",https://sklep.hard-pc.pl/galerie/71/0/zestaw-intel-i5-14600kf-rtx-4_71013_k.jpg
Hard-PC.pl,"Zestaw | Ryzen 7 7800X3D, RTX 5070 12GB, 32GB DDR5, 1TB SSD, 650W, Night Hunter",8989.0,Ryzen 7 7800X3D,RTX 5070 12GB,32GB DDR5,1TB SSD,650W,"https://sklep.hard-pc.pl/p20654,zestaw-ryzen-7-7800x3d-rtx-5070-12gb-32gb-ddr5-1tb-ssd-650w-night-hunter.html",https://sklep.hard-pc.pl/galerie/76/7/zestaw-ryzen-7-7700-rx-9070-1_76729_k.jpg
Hard-PC.pl,"Zestaw Redragon | Ryzen 5 7500X3D, RTX 5070 12GB, 32GB DDR5, 1TB SSD, 850W, GC 625 ARGB",8999.0,Ryzen 5 7500X3D,RTX 5070 12GB,32GB DDR5,1TB SSD,850W,"https://sklep.hard-pc.pl/p26001,zestaw-redragon-ryzen-5-7500x3d-rtx-5070-12gb-32gb-ddr5-1tb-ssd-850w-gc-625-argb.html",https://sklep.hard-pc.pl/galerie/78/0/obudowa-redragon-gc-625-pro-v_78077_k.jpg
Hard-PC.pl,"Zestaw | Intel Ultra 5 250KF Plus, RX 9070 XT 16GB, 32GB DDR5, 1TB SSD, 750W, Pano 130 ARGB",8999.0,Intel Ultra 5 250KF Plus,RX 9070 XT 16GB,32GB DDR5,1TB SSD,750W,"https://sklep.hard-pc.pl/p24426,zestaw-intel-ultra-5-250kf-plus-rx-9070-xt-16gb-32gb-ddr5-1tb-ssd-750w-pano-130-argb.html",https://sklep.hard-pc.pl/galerie/81/6/zestaw-ryzen-9-9950x3d-rx-790_81681_k.jpg
Hard-PC.pl,"Zestaw | Ryzen 5 7500X3D, RTX 5070 Ti 16GB, 16GB DDR5, 500GB SSD, Pano 130 ARGB, 850W",8999.0,Ryzen 5 7500X3D,RTX 5070 Ti 16GB,16GB DDR5,500GB SSD,850W,"https://sklep.hard-pc.pl/p25222,zestaw-ryzen-5-7500x3d-rtx-5070-ti-16gb-16gb-ddr5-500gb-ssd-pano-130-argb-850w.html",https://sklep.hard-pc.pl/galerie/81/6/zestaw-ryzen-9-9950x3d-rx-790_81681_k.jpg
Hard-PC.pl,"Zestaw | Ryzen 7 7800X3D, RX 9060 XT 16GB, 32GB DDR5, 2.5TB SSD, 750W, Night Hunter",8999.0,Ryzen 7 7800X3D,RX 9060 XT 16GB,32GB DDR5,2.5TB SSD,750W,"https://sklep.hard-pc.pl/p26331,zestaw-ryzen-7-7800x3d-rx-9060-xt-16gb-32gb-ddr5-2-5tb-ssd-750w-night-hunter.html",https://sklep.hard-pc.pl/galerie/76/7/zestaw-ryzen-7-7700-rx-9070-1_76729_k.jpg
Hard-PC.pl,"Zestaw | Ryzen 7 7800X3D, RX 9070 XT 16GB, 32GB DDR5, 1TB SSD, 850W, Pano 130R PZ",8999.0,Ryzen 7 7800X3D,RX 9070 XT 16GB,32GB DDR5,1TB SSD,850W,"https://sklep.hard-pc.pl/p26191,zestaw-ryzen-7-7800x3d-rx-9070-xt-16gb-32gb-ddr5-1tb-ssd-850w-pano-130r-pz.html",https://sklep.hard-pc.pl/galerie/81/6/zestaw-ryzen-9-9950x3d-rx-790_81681_k.jpg
